commit,step,label,p50,p95,p99
aab127b708a50350645644f288664ea224474046,0,nanvix-bench::write_all(),,,
aab127b708a50350645644f288664ea224474046,1,linuxd::worker_thread::handle_read_request(),184,192,197
aab127b708a50350645644f288664ea224474046,2,uservm::io_thread::system_vm::read(),13,13,14
aab127b708a50350645644f288664ea224474046,3,uservm::memory_thread::data_rx::recv(),2,3,3
aab127b708a50350645644f288664ea224474046,4,uservm::lib::vm_input::vmexit(),111,116,118
aab127b708a50350645644f288664ea224474046,5,uservm::lib::vm_input::vm_write_bytes(),0,1,1
aab127b708a50350645644f288664ea224474046,6,uservm::lib::vm_output::send(),31,32,32
aab127b708a50350645644f288664ea224474046,7,uservm::io_thread::system_vm::write(),11,12,12
aab127b708a50350645644f288664ea224474046,8,linuxd::worker_thread::handle_write_request(),25,27,28
aab127b708a50350645644f288664ea224474046,9,nanvix-bench::read_exact(),23,25,26
aab127b708a50350645644f288664ea224474046,10,Total,400,407,410
e089d420e60fc9e655fb60613b8f28d651774f24,0,nanvix-bench::write_all(),,,
e089d420e60fc9e655fb60613b8f28d651774f24,1,linuxd::worker_thread::handle_read_request(),182,189,193
e089d420e60fc9e655fb60613b8f28d651774f24,2,uservm::io_thread::system_vm::read(),13,14,15
e089d420e60fc9e655fb60613b8f28d651774f24,3,uservm::memory_thread::data_rx::recv(),2,3,3
e089d420e60fc9e655fb60613b8f28d651774f24,4,uservm::lib::vm_input::vmexit(),111,115,116
e089d420e60fc9e655fb60613b8f28d651774f24,5,uservm::lib::vm_input::vm_write_bytes(),0,1,1
e089d420e60fc9e655fb60613b8f28d651774f24,6,uservm::lib::vm_output::send(),30,31,31
e089d420e60fc9e655fb60613b8f28d651774f24,7,uservm::io_thread::system_vm::write(),11,11,12
e089d420e60fc9e655fb60613b8f28d651774f24,8,linuxd::worker_thread::handle_write_request(),25,30,32
e089d420e60fc9e655fb60613b8f28d651774f24,9,nanvix-bench::read_exact(),24,27,28
e089d420e60fc9e655fb60613b8f28d651774f24,10,Total,400,407,411
31eae44f8d9fdaf74ee9e7167828ba6822d8b977,0,nanvix-bench::write_all(),,,
31eae44f8d9fdaf74ee9e7167828ba6822d8b977,1,linuxd::worker_thread::handle_read_request(),183,189,193
31eae44f8d9fdaf74ee9e7167828ba6822d8b977,2,uservm::io_thread::system_vm::read(),13,14,14
31eae44f8d9fdaf74ee9e7167828ba6822d8b977,3,uservm::memory_thread::data_rx::recv(),2,3,3
31eae44f8d9fdaf74ee9e7167828ba6822d8b977,4,uservm::lib::vm_input::vmexit(),112,115,116
31eae44f8d9fdaf74ee9e7167828ba6822d8b977,5,uservm::lib::vm_input::vm_write_bytes(),0,1,1
31eae44f8d9fdaf74ee9e7167828ba6822d8b977,6,uservm::lib::vm_output::send(),30,31,31
31eae44f8d9fdaf74ee9e7167828ba6822d8b977,7,uservm::io_thread::system_vm::write(),11,12,13
31eae44f8d9fdaf74ee9e7167828ba6822d8b977,8,linuxd::worker_thread::handle_write_request(),25,28,31
31eae44f8d9fdaf74ee9e7167828ba6822d8b977,9,nanvix-bench::read_exact(),24,28,30
31eae44f8d9fdaf74ee9e7167828ba6822d8b977,10,Total,400,406,409
6412cc6a46f3b5543cfef307f5a40023c85cbf37,0,nanvix-bench::write_all(),,,
6412cc6a46f3b5543cfef307f5a40023c85cbf37,1,linuxd::worker_thread::handle_read_request(),183,187,191
6412cc6a46f3b5543cfef307f5a40023c85cbf37,2,uservm::io_thread::system_vm::read(),13,14,15
6412cc6a46f3b5543cfef307f5a40023c85cbf37,3,uservm::memory_thread::data_rx::recv(),2,3,3
6412cc6a46f3b5543cfef307f5a40023c85cbf37,4,uservm::lib::vm_input::vmexit(),111,114,115
6412cc6a46f3b5543cfef307f5a40023c85cbf37,5,uservm::lib::vm_input::vm_write_bytes(),0,1,1
6412cc6a46f3b5543cfef307f5a40023c85cbf37,6,uservm::lib::vm_output::send(),30,31,31
6412cc6a46f3b5543cfef307f5a40023c85cbf37,7,uservm::io_thread::system_vm::write(),11,12,13
6412cc6a46f3b5543cfef307f5a40023c85cbf37,8,linuxd::worker_thread::handle_write_request(),26,29,32
6412cc6a46f3b5543cfef307f5a40023c85cbf37,9,nanvix-bench::read_exact(),24,26,28
6412cc6a46f3b5543cfef307f5a40023c85cbf37,10,Total,399,404,412
b4bdca260a6081691fd1a28edfa01db65290341d,0,nanvix-bench::write_all(),,,
b4bdca260a6081691fd1a28edfa01db65290341d,1,linuxd::worker_thread::handle_read_request(),182,186,188
b4bdca260a6081691fd1a28edfa01db65290341d,2,uservm::io_thread::system_vm::read(),12,13,14
b4bdca260a6081691fd1a28edfa01db65290341d,3,uservm::memory_thread::data_rx::recv(),2,3,3
b4bdca260a6081691fd1a28edfa01db65290341d,4,uservm::lib::vm_input::vmexit(),113,116,117
b4bdca260a6081691fd1a28edfa01db65290341d,5,uservm::lib::vm_input::vm_write_bytes(),0,1,1
b4bdca260a6081691fd1a28edfa01db65290341d,6,uservm::lib::vm_output::send(),31,31,31
b4bdca260a6081691fd1a28edfa01db65290341d,7,uservm::io_thread::system_vm::write(),11,11,13
b4bdca260a6081691fd1a28edfa01db65290341d,8,linuxd::worker_thread::handle_write_request(),24,25,28
b4bdca260a6081691fd1a28edfa01db65290341d,9,nanvix-bench::read_exact(),23,26,27
b4bdca260a6081691fd1a28edfa01db65290341d,10,Total,399,404,407
6eb4b16e6248bdd59d4014cd2609b5426a3c5734,0,nanvix-bench::write_all(),,,
6eb4b16e6248bdd59d4014cd2609b5426a3c5734,1,linuxd::worker_thread::handle_read_request(),183,188,192
6eb4b16e6248bdd59d4014cd2609b5426a3c5734,2,uservm::io_thread::system_vm::read(),13,14,16
6eb4b16e6248bdd59d4014cd2609b5426a3c5734,3,uservm::memory_thread::data_rx::recv(),2,3,3
6eb4b16e6248bdd59d4014cd2609b5426a3c5734,4,uservm::lib::vm_input::vmexit(),112,115,116
6eb4b16e6248bdd59d4014cd2609b5426a3c5734,5,uservm::lib::vm_input::vm_write_bytes(),0,1,1
6eb4b16e6248bdd59d4014cd2609b5426a3c5734,6,uservm::lib::vm_output::send(),31,31,31
6eb4b16e6248bdd59d4014cd2609b5426a3c5734,7,uservm::io_thread::system_vm::write(),11,12,13
6eb4b16e6248bdd59d4014cd2609b5426a3c5734,8,linuxd::worker_thread::handle_write_request(),25,30,32
6eb4b16e6248bdd59d4014cd2609b5426a3c5734,9,nanvix-bench::read_exact(),23,26,27
6eb4b16e6248bdd59d4014cd2609b5426a3c5734,10,Total,400,407,410
72b220b7d4d974db02a3bd6237eced4273d11860,0,nanvix-bench::write_all(),,,
72b220b7d4d974db02a3bd6237eced4273d11860,1,linuxd::worker_thread::handle_read_request(),182,187,192
72b220b7d4d974db02a3bd6237eced4273d11860,2,uservm::io_thread::system_vm::read(),12,13,14
72b220b7d4d974db02a3bd6237eced4273d11860,3,uservm::memory_thread::data_rx::recv(),2,3,3
72b220b7d4d974db02a3bd6237eced4273d11860,4,uservm::lib::vm_input::vmexit(),113,116,116
72b220b7d4d974db02a3bd6237eced4273d11860,5,uservm::lib::vm_input::vm_write_bytes(),0,1,1
72b220b7d4d974db02a3bd6237eced4273d11860,6,uservm::lib::vm_output::send(),30,31,31
72b220b7d4d974db02a3bd6237eced4273d11860,7,uservm::io_thread::system_vm::write(),11,12,12
72b220b7d4d974db02a3bd6237eced4273d11860,8,linuxd::worker_thread::handle_write_request(),25,26,28
72b220b7d4d974db02a3bd6237eced4273d11860,9,nanvix-bench::read_exact(),24,27,28
72b220b7d4d974db02a3bd6237eced4273d11860,10,Total,400,405,407
7b080327161503abd420d94cedd20ca1ec89005c,0,nanvix-bench::write_all(),,,
7b080327161503abd420d94cedd20ca1ec89005c,1,linuxd::worker_thread::handle_read_request(),181,188,192
7b080327161503abd420d94cedd20ca1ec89005c,2,uservm::io_thread::system_vm::read(),13,13,14
7b080327161503abd420d94cedd20ca1ec89005c,3,uservm::memory_thread::data_rx::recv(),2,3,3
7b080327161503abd420d94cedd20ca1ec89005c,4,uservm::lib::vm_input::vmexit(),112,114,115
7b080327161503abd420d94cedd20ca1ec89005c,5,uservm::lib::vm_input::vm_write_bytes(),0,1,1
7b080327161503abd420d94cedd20ca1ec89005c,6,uservm::lib::vm_output::send(),30,31,31
7b080327161503abd420d94cedd20ca1ec89005c,7,uservm::io_thread::system_vm::write(),11,12,12
7b080327161503abd420d94cedd20ca1ec89005c,8,linuxd::worker_thread::handle_write_request(),25,27,27
7b080327161503abd420d94cedd20ca1ec89005c,9,nanvix-bench::read_exact(),25,27,28
7b080327161503abd420d94cedd20ca1ec89005c,10,Total,400,404,406
dcc01b30003ddd20328dd5b965ea219d3322719d,0,nanvix-bench::write_all(),,,
dcc01b30003ddd20328dd5b965ea219d3322719d,1,linuxd::worker_thread::handle_read_request(),182,190,193
dcc01b30003ddd20328dd5b965ea219d3322719d,2,uservm::io_thread::system_vm::read(),13,13,15
dcc01b30003ddd20328dd5b965ea219d3322719d,3,uservm::memory_thread::data_rx::recv(),2,2,3
dcc01b30003ddd20328dd5b965ea219d3322719d,4,uservm::lib::vm_input::vmexit(),112,115,116
dcc01b30003ddd20328dd5b965ea219d3322719d,5,uservm::lib::vm_input::vm_write_bytes(),0,1,1
dcc01b30003ddd20328dd5b965ea219d3322719d,6,uservm::lib::vm_output::send(),31,36,37
dcc01b30003ddd20328dd5b965ea219d3322719d,7,uservm::io_thread::system_vm::write(),11,12,13
dcc01b30003ddd20328dd5b965ea219d3322719d,8,linuxd::worker_thread::handle_write_request(),26,30,32
dcc01b30003ddd20328dd5b965ea219d3322719d,9,nanvix-bench::read_exact(),24,27,28
dcc01b30003ddd20328dd5b965ea219d3322719d,10,Total,400,408,413
98092765d3ec0d06e7b703c4a2ef4aa903506f09,0,nanvix-bench::write_all(),,,
98092765d3ec0d06e7b703c4a2ef4aa903506f09,1,linuxd::worker_thread::handle_read_request(),183,192,193
98092765d3ec0d06e7b703c4a2ef4aa903506f09,2,uservm::io_thread::system_vm::read(),12,13,14
98092765d3ec0d06e7b703c4a2ef4aa903506f09,3,uservm::memory_thread::data_rx::recv(),2,3,3
98092765d3ec0d06e7b703c4a2ef4aa903506f09,4,uservm::lib::vm_input::vmexit(),113,116,117
98092765d3ec0d06e7b703c4a2ef4aa903506f09,5,uservm::lib::vm_input::vm_write_bytes(),0,1,1
98092765d3ec0d06e7b703c4a2ef4aa903506f09,6,uservm::lib::vm_output::send(),31,37,37
98092765d3ec0d06e7b703c4a2ef4aa903506f09,7,uservm::io_thread::system_vm::write(),11,11,12
98092765d3ec0d06e7b703c4a2ef4aa903506f09,8,linuxd::worker_thread::handle_write_request(),24,25,26
98092765d3ec0d06e7b703c4a2ef4aa903506f09,9,nanvix-bench::read_exact(),23,26,26
98092765d3ec0d06e7b703c4a2ef4aa903506f09,10,Total,400,409,412
3f95f72f5410f01f2c1f0a85033b7eaa8e139a13,0,nanvix-bench::write_all(),,,
3f95f72f5410f01f2c1f0a85033b7eaa8e139a13,1,linuxd::worker_thread::handle_read_request(),181,186,188
3f95f72f5410f01f2c1f0a85033b7eaa8e139a13,2,uservm::io_thread::system_vm::read(),13,16,18
3f95f72f5410f01f2c1f0a85033b7eaa8e139a13,3,uservm::memory_thread::data_rx::recv(),2,6,8
3f95f72f5410f01f2c1f0a85033b7eaa8e139a13,4,uservm::lib::vm_input::vmexit(),111,115,115
3f95f72f5410f01f2c1f0a85033b7eaa8e139a13,5,uservm::lib::vm_input::vm_write_bytes(),0,1,1
3f95f72f5410f01f2c1f0a85033b7eaa8e139a13,6,uservm::lib::vm_output::send(),31,31,31
3f95f72f5410f01f2c1f0a85033b7eaa8e139a13,7,uservm::io_thread::system_vm::write(),11,12,14
3f95f72f5410f01f2c1f0a85033b7eaa8e139a13,8,linuxd::worker_thread::handle_write_request(),25,29,31
3f95f72f5410f01f2c1f0a85033b7eaa8e139a13,9,nanvix-bench::read_exact(),24,30,32
3f95f72f5410f01f2c1f0a85033b7eaa8e139a13,10,Total,400,409,412
19e7488fa7cab0d8c0f1e81e4ce177afa8b8fb9c,0,nanvix-bench::write_all(),,,
19e7488fa7cab0d8c0f1e81e4ce177afa8b8fb9c,1,linuxd::worker_thread::handle_read_request(),183,192,195
19e7488fa7cab0d8c0f1e81e4ce177afa8b8fb9c,2,uservm::io_thread::system_vm::read(),12,13,14
19e7488fa7cab0d8c0f1e81e4ce177afa8b8fb9c,3,uservm::memory_thread::data_rx::recv(),2,3,3
19e7488fa7cab0d8c0f1e81e4ce177afa8b8fb9c,4,uservm::lib::vm_input::vmexit(),114,122,124
19e7488fa7cab0d8c0f1e81e4ce177afa8b8fb9c,5,uservm::lib::vm_input::vm_write_bytes(),0,1,1
19e7488fa7cab0d8c0f1e81e4ce177afa8b8fb9c,6,uservm::lib::vm_output::send(),30,31,31
19e7488fa7cab0d8c0f1e81e4ce177afa8b8fb9c,7,uservm::io_thread::system_vm::write(),10,11,13
19e7488fa7cab0d8c0f1e81e4ce177afa8b8fb9c,8,linuxd::worker_thread::handle_write_request(),24,26,28
19e7488fa7cab0d8c0f1e81e4ce177afa8b8fb9c,9,nanvix-bench::read_exact(),23,26,26
19e7488fa7cab0d8c0f1e81e4ce177afa8b8fb9c,10,Total,400,410,414
e63706bf47d28ce23152341f8acc826705313f4a,0,nanvix-bench::write_all(),,,
e63706bf47d28ce23152341f8acc826705313f4a,1,linuxd::worker_thread::handle_read_request(),183,191,194
e63706bf47d28ce23152341f8acc826705313f4a,2,uservm::io_thread::system_vm::read(),12,13,14
e63706bf47d28ce23152341f8acc826705313f4a,3,uservm::memory_thread::data_rx::recv(),2,3,3
e63706bf47d28ce23152341f8acc826705313f4a,4,uservm::lib::vm_input::vmexit(),112,119,120
e63706bf47d28ce23152341f8acc826705313f4a,5,uservm::lib::vm_input::vm_write_bytes(),0,1,1
e63706bf47d28ce23152341f8acc826705313f4a,6,uservm::lib::vm_output::send(),31,31,31
e63706bf47d28ce23152341f8acc826705313f4a,7,uservm::io_thread::system_vm::write(),10,11,12
e63706bf47d28ce23152341f8acc826705313f4a,8,linuxd::worker_thread::handle_write_request(),25,26,27
e63706bf47d28ce23152341f8acc826705313f4a,9,nanvix-bench::read_exact(),24,26,27
e63706bf47d28ce23152341f8acc826705313f4a,10,Total,400,408,412
b045dc1d0f8c7d9c70dd0c81aaacde08fd96e3fc,0,nanvix-bench::write_all(),,,
b045dc1d0f8c7d9c70dd0c81aaacde08fd96e3fc,1,linuxd::worker_thread::handle_read_request(),182,191,195
b045dc1d0f8c7d9c70dd0c81aaacde08fd96e3fc,2,uservm::io_thread::system_vm::read(),12,13,14
b045dc1d0f8c7d9c70dd0c81aaacde08fd96e3fc,3,uservm::memory_thread::data_rx::recv(),2,3,3
b045dc1d0f8c7d9c70dd0c81aaacde08fd96e3fc,4,uservm::lib::vm_input::vmexit(),112,115,116
b045dc1d0f8c7d9c70dd0c81aaacde08fd96e3fc,5,uservm::lib::vm_input::vm_write_bytes(),0,1,1
b045dc1d0f8c7d9c70dd0c81aaacde08fd96e3fc,6,uservm::lib::vm_output::send(),30,31,31
b045dc1d0f8c7d9c70dd0c81aaacde08fd96e3fc,7,uservm::io_thread::system_vm::write(),11,15,16
b045dc1d0f8c7d9c70dd0c81aaacde08fd96e3fc,8,linuxd::worker_thread::handle_write_request(),25,29,32
b045dc1d0f8c7d9c70dd0c81aaacde08fd96e3fc,9,nanvix-bench::read_exact(),24,27,27
b045dc1d0f8c7d9c70dd0c81aaacde08fd96e3fc,10,Total,399,410,415
b46ebff3cf9162090b4bc1b577d2cea02ebc852e,0,nanvix-bench::write_all(),,,
b46ebff3cf9162090b4bc1b577d2cea02ebc852e,1,linuxd::worker_thread::handle_read_request(),182,189,193
b46ebff3cf9162090b4bc1b577d2cea02ebc852e,2,uservm::io_thread::system_vm::read(),13,14,15
b46ebff3cf9162090b4bc1b577d2cea02ebc852e,3,uservm::memory_thread::data_rx::recv(),2,3,3
b46ebff3cf9162090b4bc1b577d2cea02ebc852e,4,uservm::lib::vm_input::vmexit(),110,114,115
b46ebff3cf9162090b4bc1b577d2cea02ebc852e,5,uservm::lib::vm_input::vm_write_bytes(),0,1,1
b46ebff3cf9162090b4bc1b577d2cea02ebc852e,6,uservm::lib::vm_output::send(),30,31,31
b46ebff3cf9162090b4bc1b577d2cea02ebc852e,7,uservm::io_thread::system_vm::write(),11,12,13
b46ebff3cf9162090b4bc1b577d2cea02ebc852e,8,linuxd::worker_thread::handle_write_request(),26,32,34
b46ebff3cf9162090b4bc1b577d2cea02ebc852e,9,nanvix-bench::read_exact(),24,26,28
b46ebff3cf9162090b4bc1b577d2cea02ebc852e,10,Total,400,407,411
a9c5572845dbaebfea7edd08a555e3f6383c46f8,0,nanvix-bench::write_all(),,,
a9c5572845dbaebfea7edd08a555e3f6383c46f8,1,linuxd::worker_thread::handle_read_request(),182,191,194
a9c5572845dbaebfea7edd08a555e3f6383c46f8,2,uservm::io_thread::system_vm::read(),12,13,14
a9c5572845dbaebfea7edd08a555e3f6383c46f8,3,uservm::memory_thread::data_rx::recv(),2,3,3
a9c5572845dbaebfea7edd08a555e3f6383c46f8,4,uservm::lib::vm_input::vmexit(),113,116,117
a9c5572845dbaebfea7edd08a555e3f6383c46f8,5,uservm::lib::vm_input::vm_write_bytes(),0,1,1
a9c5572845dbaebfea7edd08a555e3f6383c46f8,6,uservm::lib::vm_output::send(),31,31,31
a9c5572845dbaebfea7edd08a555e3f6383c46f8,7,uservm::io_thread::system_vm::write(),11,15,16
a9c5572845dbaebfea7edd08a555e3f6383c46f8,8,linuxd::worker_thread::handle_write_request(),25,28,29
a9c5572845dbaebfea7edd08a555e3f6383c46f8,9,nanvix-bench::read_exact(),24,27,28
a9c5572845dbaebfea7edd08a555e3f6383c46f8,10,Total,399,408,412
64846835396b5c4ef3a56c40dcc51a6447506d36,0,nanvix-bench::write_all(),,,
64846835396b5c4ef3a56c40dcc51a6447506d36,1,linuxd::worker_thread::handle_read_request(),183,187,189
64846835396b5c4ef3a56c40dcc51a6447506d36,2,uservm::io_thread::system_vm::read(),12,16,18
64846835396b5c4ef3a56c40dcc51a6447506d36,3,uservm::memory_thread::data_rx::recv(),2,6,7
64846835396b5c4ef3a56c40dcc51a6447506d36,4,uservm::lib::vm_input::vmexit(),113,116,117
64846835396b5c4ef3a56c40dcc51a6447506d36,5,uservm::lib::vm_input::vm_write_bytes(),0,1,1
64846835396b5c4ef3a56c40dcc51a6447506d36,6,uservm::lib::vm_output::send(),29,30,30
64846835396b5c4ef3a56c40dcc51a6447506d36,7,uservm::io_thread::system_vm::write(),11,12,13
64846835396b5c4ef3a56c40dcc51a6447506d36,8,linuxd::worker_thread::handle_write_request(),25,29,30
64846835396b5c4ef3a56c40dcc51a6447506d36,9,nanvix-bench::read_exact(),23,28,31
64846835396b5c4ef3a56c40dcc51a6447506d36,10,Total,400,408,411
5b18dd1f5e6404ca8c987fe40114f9587be88e0b,0,nanvix-bench::write_all(),,,
5b18dd1f5e6404ca8c987fe40114f9587be88e0b,1,linuxd::worker_thread::handle_read_request(),182,186,188
5b18dd1f5e6404ca8c987fe40114f9587be88e0b,2,uservm::io_thread::system_vm::read(),13,13,14
5b18dd1f5e6404ca8c987fe40114f9587be88e0b,3,uservm::memory_thread::data_rx::recv(),2,3,3
5b18dd1f5e6404ca8c987fe40114f9587be88e0b,4,uservm::lib::vm_input::vmexit(),113,116,117
5b18dd1f5e6404ca8c987fe40114f9587be88e0b,5,uservm::lib::vm_input::vm_write_bytes(),0,1,1
5b18dd1f5e6404ca8c987fe40114f9587be88e0b,6,uservm::lib::vm_output::send(),29,29,30
5b18dd1f5e6404ca8c987fe40114f9587be88e0b,7,uservm::io_thread::system_vm::write(),11,12,13
5b18dd1f5e6404ca8c987fe40114f9587be88e0b,8,linuxd::worker_thread::handle_write_request(),26,27,31
5b18dd1f5e6404ca8c987fe40114f9587be88e0b,9,nanvix-bench::read_exact(),24,27,28
5b18dd1f5e6404ca8c987fe40114f9587be88e0b,10,Total,399,404,409
00e3a21b5942d20e5bd0d6011feccdda6a15d9ba,0,nanvix-bench::write_all(),,,
00e3a21b5942d20e5bd0d6011feccdda6a15d9ba,1,linuxd::worker_thread::handle_read_request(),182,187,189
00e3a21b5942d20e5bd0d6011feccdda6a15d9ba,2,uservm::io_thread::system_vm::read(),12,13,15
00e3a21b5942d20e5bd0d6011feccdda6a15d9ba,3,uservm::memory_thread::data_rx::recv(),2,3,3
00e3a21b5942d20e5bd0d6011feccdda6a15d9ba,4,uservm::lib::vm_input::vmexit(),114,117,118
00e3a21b5942d20e5bd0d6011feccdda6a15d9ba,5,uservm::lib::vm_input::vm_write_bytes(),0,1,1
00e3a21b5942d20e5bd0d6011feccdda6a15d9ba,6,uservm::lib::vm_output::send(),29,30,30
00e3a21b5942d20e5bd0d6011feccdda6a15d9ba,7,uservm::io_thread::system_vm::write(),11,11,13
00e3a21b5942d20e5bd0d6011feccdda6a15d9ba,8,linuxd::worker_thread::handle_write_request(),25,28,30
00e3a21b5942d20e5bd0d6011feccdda6a15d9ba,9,nanvix-bench::read_exact(),23,26,27
00e3a21b5942d20e5bd0d6011feccdda6a15d9ba,10,Total,400,405,408
a23e489b54dc821804995274ecc8d12157158e26,0,nanvix-bench::write_all(),,,
a23e489b54dc821804995274ecc8d12157158e26,1,linuxd::worker_thread::handle_read_request(),182,186,189
a23e489b54dc821804995274ecc8d12157158e26,2,uservm::io_thread::system_vm::read(),13,14,15
a23e489b54dc821804995274ecc8d12157158e26,3,uservm::memory_thread::data_rx::recv(),2,3,3
a23e489b54dc821804995274ecc8d12157158e26,4,uservm::lib::vm_input::vmexit(),114,117,118
a23e489b54dc821804995274ecc8d12157158e26,5,uservm::lib::vm_input::vm_write_bytes(),0,1,1
a23e489b54dc821804995274ecc8d12157158e26,6,uservm::lib::vm_output::send(),29,30,30
a23e489b54dc821804995274ecc8d12157158e26,7,uservm::io_thread::system_vm::write(),11,11,12
a23e489b54dc821804995274ecc8d12157158e26,8,linuxd::worker_thread::handle_write_request(),25,26,29
a23e489b54dc821804995274ecc8d12157158e26,9,nanvix-bench::read_exact(),23,26,27
a23e489b54dc821804995274ecc8d12157158e26,10,Total,400,404,406
2b44b595130a34981344c929285bba2095961ef3,0,nanvix-bench::write_all(),,,
2b44b595130a34981344c929285bba2095961ef3,1,linuxd::worker_thread::handle_read_request(),182,187,190
2b44b595130a34981344c929285bba2095961ef3,2,uservm::io_thread::system_vm::read(),13,14,15
2b44b595130a34981344c929285bba2095961ef3,3,uservm::memory_thread::data_rx::recv(),2,3,3
2b44b595130a34981344c929285bba2095961ef3,4,uservm::lib::vm_input::vmexit(),113,116,117
2b44b595130a34981344c929285bba2095961ef3,5,uservm::lib::vm_input::vm_write_bytes(),0,1,1
2b44b595130a34981344c929285bba2095961ef3,6,uservm::lib::vm_output::send(),29,29,30
2b44b595130a34981344c929285bba2095961ef3,7,uservm::io_thread::system_vm::write(),11,12,13
2b44b595130a34981344c929285bba2095961ef3,8,linuxd::worker_thread::handle_write_request(),25,28,29
2b44b595130a34981344c929285bba2095961ef3,9,nanvix-bench::read_exact(),24,29,31
2b44b595130a34981344c929285bba2095961ef3,10,Total,400,406,408
840107e59eae67a7e0421c4d0ab3742ff3e86ebb,0,nanvix-bench::write_all(),,,
840107e59eae67a7e0421c4d0ab3742ff3e86ebb,1,linuxd::worker_thread::handle_read_request(),182,186,188
840107e59eae67a7e0421c4d0ab3742ff3e86ebb,2,uservm::io_thread::system_vm::read(),12,16,17
840107e59eae67a7e0421c4d0ab3742ff3e86ebb,3,uservm::memory_thread::data_rx::recv(),2,6,7
840107e59eae67a7e0421c4d0ab3742ff3e86ebb,4,uservm::lib::vm_input::vmexit(),114,117,118
840107e59eae67a7e0421c4d0ab3742ff3e86ebb,5,uservm::lib::vm_input::vm_write_bytes(),0,1,1
840107e59eae67a7e0421c4d0ab3742ff3e86ebb,6,uservm::lib::vm_output::send(),29,30,30
840107e59eae67a7e0421c4d0ab3742ff3e86ebb,7,uservm::io_thread::system_vm::write(),11,12,13
840107e59eae67a7e0421c4d0ab3742ff3e86ebb,8,linuxd::worker_thread::handle_write_request(),25,29,31
840107e59eae67a7e0421c4d0ab3742ff3e86ebb,9,nanvix-bench::read_exact(),24,29,31
840107e59eae67a7e0421c4d0ab3742ff3e86ebb,10,Total,400,407,411
58b5f45cccf6b1aacceb38a64fdf14cd9ad2ffb8,0,nanvix-bench::write_all(),,,
58b5f45cccf6b1aacceb38a64fdf14cd9ad2ffb8,1,linuxd::worker_thread::handle_read_request(),181,185,191
58b5f45cccf6b1aacceb38a64fdf14cd9ad2ffb8,2,uservm::io_thread::system_vm::read(),12,14,14
58b5f45cccf6b1aacceb38a64fdf14cd9ad2ffb8,3,uservm::memory_thread::data_rx::recv(),2,3,3
58b5f45cccf6b1aacceb38a64fdf14cd9ad2ffb8,4,uservm::lib::vm_input::vmexit(),114,117,118
58b5f45cccf6b1aacceb38a64fdf14cd9ad2ffb8,5,uservm::lib::vm_input::vm_write_bytes(),0,1,1
58b5f45cccf6b1aacceb38a64fdf14cd9ad2ffb8,6,uservm::lib::vm_output::send(),29,30,30
58b5f45cccf6b1aacceb38a64fdf14cd9ad2ffb8,7,uservm::io_thread::system_vm::write(),11,12,13
58b5f45cccf6b1aacceb38a64fdf14cd9ad2ffb8,8,linuxd::worker_thread::handle_write_request(),25,26,29
58b5f45cccf6b1aacceb38a64fdf14cd9ad2ffb8,9,nanvix-bench::read_exact(),25,27,27
58b5f45cccf6b1aacceb38a64fdf14cd9ad2ffb8,10,Total,400,404,406
c8df94651c9ce924bb61d70c8cce6796e1d61058,0,nanvix-bench::write_all(),,,
c8df94651c9ce924bb61d70c8cce6796e1d61058,1,linuxd::worker_thread::handle_read_request(),181,191,195
c8df94651c9ce924bb61d70c8cce6796e1d61058,2,uservm::io_thread::system_vm::read(),12,13,14
c8df94651c9ce924bb61d70c8cce6796e1d61058,3,uservm::memory_thread::data_rx::recv(),2,3,3
c8df94651c9ce924bb61d70c8cce6796e1d61058,4,uservm::lib::vm_input::vmexit(),112,116,116
c8df94651c9ce924bb61d70c8cce6796e1d61058,5,uservm::lib::vm_input::vm_write_bytes(),0,1,1
c8df94651c9ce924bb61d70c8cce6796e1d61058,6,uservm::lib::vm_output::send(),29,29,30
c8df94651c9ce924bb61d70c8cce6796e1d61058,7,uservm::io_thread::system_vm::write(),11,16,17
c8df94651c9ce924bb61d70c8cce6796e1d61058,8,linuxd::worker_thread::handle_write_request(),26,30,33
c8df94651c9ce924bb61d70c8cce6796e1d61058,9,nanvix-bench::read_exact(),24,27,29
c8df94651c9ce924bb61d70c8cce6796e1d61058,10,Total,400,410,414
5f71bb9930151a1595455f56a405d7aeff29128f,0,nanvix-bench::write_all(),,,
5f71bb9930151a1595455f56a405d7aeff29128f,1,linuxd::worker_thread::handle_read_request(),182,187,191
5f71bb9930151a1595455f56a405d7aeff29128f,2,uservm::io_thread::system_vm::read(),12,13,14
5f71bb9930151a1595455f56a405d7aeff29128f,3,uservm::memory_thread::data_rx::recv(),2,3,3
5f71bb9930151a1595455f56a405d7aeff29128f,4,uservm::lib::vm_input::vmexit(),113,117,119
5f71bb9930151a1595455f56a405d7aeff29128f,5,uservm::lib::vm_input::vm_write_bytes(),0,1,1
5f71bb9930151a1595455f56a405d7aeff29128f,6,uservm::lib::vm_output::send(),29,30,30
5f71bb9930151a1595455f56a405d7aeff29128f,7,uservm::io_thread::system_vm::write(),11,11,13
5f71bb9930151a1595455f56a405d7aeff29128f,8,linuxd::worker_thread::handle_write_request(),26,26,31
5f71bb9930151a1595455f56a405d7aeff29128f,9,nanvix-bench::read_exact(),24,26,27
5f71bb9930151a1595455f56a405d7aeff29128f,10,Total,400,405,410
76f7c2338cfdc6a64dfb000f1aa9c6d3526396ed,0,nanvix-bench::write_all(),,,
76f7c2338cfdc6a64dfb000f1aa9c6d3526396ed,1,linuxd::worker_thread::handle_read_request(),183,187,191
76f7c2338cfdc6a64dfb000f1aa9c6d3526396ed,2,uservm::io_thread::system_vm::read(),12,13,14
76f7c2338cfdc6a64dfb000f1aa9c6d3526396ed,3,uservm::memory_thread::data_rx::recv(),2,3,3
76f7c2338cfdc6a64dfb000f1aa9c6d3526396ed,4,uservm::lib::vm_input::vmexit(),113,115,116
76f7c2338cfdc6a64dfb000f1aa9c6d3526396ed,5,uservm::lib::vm_input::vm_write_bytes(),0,1,1
76f7c2338cfdc6a64dfb000f1aa9c6d3526396ed,6,uservm::lib::vm_output::send(),29,30,30
76f7c2338cfdc6a64dfb000f1aa9c6d3526396ed,7,uservm::io_thread::system_vm::write(),11,11,13
76f7c2338cfdc6a64dfb000f1aa9c6d3526396ed,8,linuxd::worker_thread::handle_write_request(),26,27,31
76f7c2338cfdc6a64dfb000f1aa9c6d3526396ed,9,nanvix-bench::read_exact(),23,26,27
76f7c2338cfdc6a64dfb000f1aa9c6d3526396ed,10,Total,400,404,409
c9c55ea86ba4ec87010256dfcd90921f39c49560,0,nanvix-bench::write_all(),,,
c9c55ea86ba4ec87010256dfcd90921f39c49560,1,linuxd::worker_thread::handle_read_request(),182,187,191
c9c55ea86ba4ec87010256dfcd90921f39c49560,2,uservm::io_thread::system_vm::read(),12,13,14
c9c55ea86ba4ec87010256dfcd90921f39c49560,3,uservm::memory_thread::data_rx::recv(),2,3,3
c9c55ea86ba4ec87010256dfcd90921f39c49560,4,uservm::lib::vm_input::vmexit(),114,116,117
c9c55ea86ba4ec87010256dfcd90921f39c49560,5,uservm::lib::vm_input::vm_write_bytes(),0,1,1
c9c55ea86ba4ec87010256dfcd90921f39c49560,6,uservm::lib::vm_output::send(),29,30,30
c9c55ea86ba4ec87010256dfcd90921f39c49560,7,uservm::io_thread::system_vm::write(),11,12,13
c9c55ea86ba4ec87010256dfcd90921f39c49560,8,linuxd::worker_thread::handle_write_request(),25,27,30
c9c55ea86ba4ec87010256dfcd90921f39c49560,9,nanvix-bench::read_exact(),23,26,27
c9c55ea86ba4ec87010256dfcd90921f39c49560,10,Total,400,404,406
283348c8044d834de1f8998220aea3ba441746b2,0,nanvix-bench::write_all(),,,
283348c8044d834de1f8998220aea3ba441746b2,1,linuxd::worker_thread::handle_read_request(),183,187,189
283348c8044d834de1f8998220aea3ba441746b2,2,uservm::io_thread::system_vm::read(),12,13,14
283348c8044d834de1f8998220aea3ba441746b2,3,uservm::memory_thread::data_rx::recv(),2,3,3
283348c8044d834de1f8998220aea3ba441746b2,4,uservm::lib::vm_input::vmexit(),113,116,117
283348c8044d834de1f8998220aea3ba441746b2,5,uservm::lib::vm_input::vm_write_bytes(),0,1,1
283348c8044d834de1f8998220aea3ba441746b2,6,uservm::lib::vm_output::send(),29,30,30
283348c8044d834de1f8998220aea3ba441746b2,7,uservm::io_thread::system_vm::write(),11,12,12
283348c8044d834de1f8998220aea3ba441746b2,8,linuxd::worker_thread::handle_write_request(),25,26,28
283348c8044d834de1f8998220aea3ba441746b2,9,nanvix-bench::read_exact(),24,26,27
283348c8044d834de1f8998220aea3ba441746b2,10,Total,400,404,407
996a1466d30f9d33a70f7c5e40834e62d5a1fec4,0,nanvix-bench::write_all(),,,
996a1466d30f9d33a70f7c5e40834e62d5a1fec4,1,linuxd::worker_thread::handle_read_request(),181,191,194
996a1466d30f9d33a70f7c5e40834e62d5a1fec4,2,uservm::io_thread::system_vm::read(),12,13,14
996a1466d30f9d33a70f7c5e40834e62d5a1fec4,3,uservm::memory_thread::data_rx::recv(),2,3,3
996a1466d30f9d33a70f7c5e40834e62d5a1fec4,4,uservm::lib::vm_input::vmexit(),112,116,116
996a1466d30f9d33a70f7c5e40834e62d5a1fec4,5,uservm::lib::vm_input::vm_write_bytes(),0,1,1
996a1466d30f9d33a70f7c5e40834e62d5a1fec4,6,uservm::lib::vm_output::send(),29,37,38
996a1466d30f9d33a70f7c5e40834e62d5a1fec4,7,uservm::io_thread::system_vm::write(),11,12,13
996a1466d30f9d33a70f7c5e40834e62d5a1fec4,8,linuxd::worker_thread::handle_write_request(),26,27,31
996a1466d30f9d33a70f7c5e40834e62d5a1fec4,9,nanvix-bench::read_exact(),25,27,28
996a1466d30f9d33a70f7c5e40834e62d5a1fec4,10,Total,400,410,416
6d13f91c4366e34cbd0e3809d24697dfec47b519,0,nanvix-bench::write_all(),,,
6d13f91c4366e34cbd0e3809d24697dfec47b519,1,linuxd::worker_thread::handle_read_request(),181,185,189
6d13f91c4366e34cbd0e3809d24697dfec47b519,2,uservm::io_thread::system_vm::read(),13,14,15
6d13f91c4366e34cbd0e3809d24697dfec47b519,3,uservm::memory_thread::data_rx::recv(),2,3,3
6d13f91c4366e34cbd0e3809d24697dfec47b519,4,uservm::lib::vm_input::vmexit(),113,116,116
6d13f91c4366e34cbd0e3809d24697dfec47b519,5,uservm::lib::vm_input::vm_write_bytes(),0,1,1
6d13f91c4366e34cbd0e3809d24697dfec47b519,6,uservm::lib::vm_output::send(),29,30,30
6d13f91c4366e34cbd0e3809d24697dfec47b519,7,uservm::io_thread::system_vm::write(),11,12,13
6d13f91c4366e34cbd0e3809d24697dfec47b519,8,linuxd::worker_thread::handle_write_request(),26,27,30
6d13f91c4366e34cbd0e3809d24697dfec47b519,9,nanvix-bench::read_exact(),24,27,28
6d13f91c4366e34cbd0e3809d24697dfec47b519,10,Total,400,404,406
60d1364fec5b8508db38044cd41bb74dc58c1338,0,nanvix-bench::write_all(),,,
60d1364fec5b8508db38044cd41bb74dc58c1338,1,linuxd::worker_thread::handle_read_request(),165,174,178
60d1364fec5b8508db38044cd41bb74dc58c1338,2,uservm::io_thread::system_vm::read(),18,20,21
60d1364fec5b8508db38044cd41bb74dc58c1338,3,uservm::memory_thread::data_rx::recv(),9,10,13
60d1364fec5b8508db38044cd41bb74dc58c1338,4,uservm::lib::vm_input::vmexit(),90,98,100
60d1364fec5b8508db38044cd41bb74dc58c1338,5,uservm::lib::vm_input::vm_write_bytes(),0,1,1
60d1364fec5b8508db38044cd41bb74dc58c1338,6,uservm::lib::vm_output::send(),61,61,61
60d1364fec5b8508db38044cd41bb74dc58c1338,7,uservm::io_thread::system_vm::write(),3,4,6
60d1364fec5b8508db38044cd41bb74dc58c1338,8,linuxd::worker_thread::handle_write_request(),30,34,34
60d1364fec5b8508db38044cd41bb74dc58c1338,9,nanvix-bench::read_exact(),23,28,31
60d1364fec5b8508db38044cd41bb74dc58c1338,10,Total,400,409,412
a5392e36c3f70061c41d33cac827595806b4c01f,0,nanvix-bench::write_all(),,,
a5392e36c3f70061c41d33cac827595806b4c01f,1,linuxd::worker_thread::handle_read_request(),167,175,179
a5392e36c3f70061c41d33cac827595806b4c01f,2,uservm::io_thread::system_vm::read(),18,20,20
a5392e36c3f70061c41d33cac827595806b4c01f,3,uservm::memory_thread::data_rx::recv(),9,10,10
a5392e36c3f70061c41d33cac827595806b4c01f,4,uservm::lib::vm_input::vmexit(),87,91,92
a5392e36c3f70061c41d33cac827595806b4c01f,5,uservm::lib::vm_input::vm_write_bytes(),0,1,1
a5392e36c3f70061c41d33cac827595806b4c01f,6,uservm::lib::vm_output::send(),61,61,61
a5392e36c3f70061c41d33cac827595806b4c01f,7,uservm::io_thread::system_vm::write(),3,4,5
a5392e36c3f70061c41d33cac827595806b4c01f,8,linuxd::worker_thread::handle_write_request(),30,37,38
a5392e36c3f70061c41d33cac827595806b4c01f,9,nanvix-bench::read_exact(),24,27,28
a5392e36c3f70061c41d33cac827595806b4c01f,10,Total,400,407,411
0e4a4c2796cc816bdc37b028841dc9f58a989cf3,0,nanvix-bench::write_all(),,,
0e4a4c2796cc816bdc37b028841dc9f58a989cf3,1,linuxd::worker_thread::handle_read_request(),167,179,182
0e4a4c2796cc816bdc37b028841dc9f58a989cf3,2,uservm::io_thread::system_vm::read(),20,21,22
0e4a4c2796cc816bdc37b028841dc9f58a989cf3,3,uservm::memory_thread::data_rx::recv(),8,9,10
0e4a4c2796cc816bdc37b028841dc9f58a989cf3,4,uservm::lib::vm_input::vmexit(),86,98,99
0e4a4c2796cc816bdc37b028841dc9f58a989cf3,5,uservm::lib::vm_input::vm_write_bytes(),0,1,1
0e4a4c2796cc816bdc37b028841dc9f58a989cf3,6,uservm::lib::vm_output::send(),61,61,61
0e4a4c2796cc816bdc37b028841dc9f58a989cf3,7,uservm::io_thread::system_vm::write(),3,5,7
0e4a4c2796cc816bdc37b028841dc9f58a989cf3,8,linuxd::worker_thread::handle_write_request(),31,35,35
0e4a4c2796cc816bdc37b028841dc9f58a989cf3,9,nanvix-bench::read_exact(),23,25,26
0e4a4c2796cc816bdc37b028841dc9f58a989cf3,10,Total,400,411,414
29165c34725e3d176b7862c1cdade564b0e05d10,0,nanvix-bench::write_all(),,,
29165c34725e3d176b7862c1cdade564b0e05d10,1,linuxd::worker_thread::handle_read_request(),157,170,176
29165c34725e3d176b7862c1cdade564b0e05d10,2,uservm::io_thread::system_vm::read(),18,21,21
29165c34725e3d176b7862c1cdade564b0e05d10,3,uservm::memory_thread::data_rx::recv(),8,10,10
29165c34725e3d176b7862c1cdade564b0e05d10,4,uservm::lib::vm_input::vmexit(),97,101,102
29165c34725e3d176b7862c1cdade564b0e05d10,5,uservm::lib::vm_input::vm_write_bytes(),0,1,1
29165c34725e3d176b7862c1cdade564b0e05d10,6,uservm::lib::vm_output::send(),60,61,61
29165c34725e3d176b7862c1cdade564b0e05d10,7,uservm::io_thread::system_vm::write(),4,5,5
29165c34725e3d176b7862c1cdade564b0e05d10,8,linuxd::worker_thread::handle_write_request(),30,33,34
29165c34725e3d176b7862c1cdade564b0e05d10,9,nanvix-bench::read_exact(),23,29,30
29165c34725e3d176b7862c1cdade564b0e05d10,10,Total,399,412,416
096f7414065a57805e2ca6b5107dc94130cc3845,0,nanvix-bench::write_all(),,,
096f7414065a57805e2ca6b5107dc94130cc3845,1,linuxd::worker_thread::handle_read_request(),166,176,181
096f7414065a57805e2ca6b5107dc94130cc3845,2,uservm::io_thread::system_vm::read(),18,19,20
096f7414065a57805e2ca6b5107dc94130cc3845,3,uservm::memory_thread::data_rx::recv(),8,9,10
096f7414065a57805e2ca6b5107dc94130cc3845,4,uservm::lib::vm_input::vmexit(),91,101,102
096f7414065a57805e2ca6b5107dc94130cc3845,5,uservm::lib::vm_input::vm_write_bytes(),0,1,1
096f7414065a57805e2ca6b5107dc94130cc3845,6,uservm::lib::vm_output::send(),61,61,61
096f7414065a57805e2ca6b5107dc94130cc3845,7,uservm::io_thread::system_vm::write(),4,5,6
096f7414065a57805e2ca6b5107dc94130cc3845,8,linuxd::worker_thread::handle_write_request(),29,33,34
096f7414065a57805e2ca6b5107dc94130cc3845,9,nanvix-bench::read_exact(),23,26,27
096f7414065a57805e2ca6b5107dc94130cc3845,10,Total,399,409,414
0f5ba227c55f3f789d5a892f72cc21caaa4ccaba,0,nanvix-bench::write_all(),,,
0f5ba227c55f3f789d5a892f72cc21caaa4ccaba,1,linuxd::worker_thread::handle_read_request(),166,174,179
0f5ba227c55f3f789d5a892f72cc21caaa4ccaba,2,uservm::io_thread::system_vm::read(),18,22,23
0f5ba227c55f3f789d5a892f72cc21caaa4ccaba,3,uservm::memory_thread::data_rx::recv(),8,9,10
0f5ba227c55f3f789d5a892f72cc21caaa4ccaba,4,uservm::lib::vm_input::vmexit(),89,99,101
0f5ba227c55f3f789d5a892f72cc21caaa4ccaba,5,uservm::lib::vm_input::vm_write_bytes(),0,1,1
0f5ba227c55f3f789d5a892f72cc21caaa4ccaba,6,uservm::lib::vm_output::send(),61,61,61
0f5ba227c55f3f789d5a892f72cc21caaa4ccaba,7,uservm::io_thread::system_vm::write(),4,4,6
0f5ba227c55f3f789d5a892f72cc21caaa4ccaba,8,linuxd::worker_thread::handle_write_request(),31,33,35
0f5ba227c55f3f789d5a892f72cc21caaa4ccaba,9,nanvix-bench::read_exact(),24,27,28
0f5ba227c55f3f789d5a892f72cc21caaa4ccaba,10,Total,399,408,413
a04a49cc8304fcbbbe08cd497a69356b385ae98a,0,nanvix-bench::write_all(),,,
a04a49cc8304fcbbbe08cd497a69356b385ae98a,1,linuxd::worker_thread::handle_read_request(),166,171,175
a04a49cc8304fcbbbe08cd497a69356b385ae98a,2,uservm::io_thread::system_vm::read(),18,21,23
a04a49cc8304fcbbbe08cd497a69356b385ae98a,3,uservm::memory_thread::data_rx::recv(),9,10,10
a04a49cc8304fcbbbe08cd497a69356b385ae98a,4,uservm::lib::vm_input::vmexit(),87,91,94
a04a49cc8304fcbbbe08cd497a69356b385ae98a,5,uservm::lib::vm_input::vm_write_bytes(),0,1,1
a04a49cc8304fcbbbe08cd497a69356b385ae98a,6,uservm::lib::vm_output::send(),60,61,61
a04a49cc8304fcbbbe08cd497a69356b385ae98a,7,uservm::io_thread::system_vm::write(),3,4,5
a04a49cc8304fcbbbe08cd497a69356b385ae98a,8,linuxd::worker_thread::handle_write_request(),33,34,37
a04a49cc8304fcbbbe08cd497a69356b385ae98a,9,nanvix-bench::read_exact(),23,26,27
a04a49cc8304fcbbbe08cd497a69356b385ae98a,10,Total,400,405,408
6c6f7247c3168a53b1f034fa61bc1440db079178,0,nanvix-bench::write_all(),,,
6c6f7247c3168a53b1f034fa61bc1440db079178,1,linuxd::worker_thread::handle_read_request(),167,174,180
6c6f7247c3168a53b1f034fa61bc1440db079178,2,uservm::io_thread::system_vm::read(),20,21,22
6c6f7247c3168a53b1f034fa61bc1440db079178,3,uservm::memory_thread::data_rx::recv(),8,9,10
6c6f7247c3168a53b1f034fa61bc1440db079178,4,uservm::lib::vm_input::vmexit(),86,92,98
6c6f7247c3168a53b1f034fa61bc1440db079178,5,uservm::lib::vm_input::vm_write_bytes(),0,1,1
6c6f7247c3168a53b1f034fa61bc1440db079178,6,uservm::lib::vm_output::send(),61,61,61
6c6f7247c3168a53b1f034fa61bc1440db079178,7,uservm::io_thread::system_vm::write(),3,4,6
6c6f7247c3168a53b1f034fa61bc1440db079178,8,linuxd::worker_thread::handle_write_request(),31,33,34
6c6f7247c3168a53b1f034fa61bc1440db079178,9,nanvix-bench::read_exact(),23,25,26
6c6f7247c3168a53b1f034fa61bc1440db079178,10,Total,400,405,411
b7ab360f2b492e8df6cc0b6c6ddbfe2d19d694dd,0,nanvix-bench::write_all(),,,
b7ab360f2b492e8df6cc0b6c6ddbfe2d19d694dd,1,linuxd::worker_thread::handle_read_request(),167,179,185
b7ab360f2b492e8df6cc0b6c6ddbfe2d19d694dd,2,uservm::io_thread::system_vm::read(),18,19,20
b7ab360f2b492e8df6cc0b6c6ddbfe2d19d694dd,3,uservm::memory_thread::data_rx::recv(),8,9,10
b7ab360f2b492e8df6cc0b6c6ddbfe2d19d694dd,4,uservm::lib::vm_input::vmexit(),98,101,102
b7ab360f2b492e8df6cc0b6c6ddbfe2d19d694dd,5,uservm::lib::vm_input::vm_write_bytes(),0,1,1
b7ab360f2b492e8df6cc0b6c6ddbfe2d19d694dd,6,uservm::lib::vm_output::send(),60,67,69
b7ab360f2b492e8df6cc0b6c6ddbfe2d19d694dd,7,uservm::io_thread::system_vm::write(),3,4,7
b7ab360f2b492e8df6cc0b6c6ddbfe2d19d694dd,8,linuxd::worker_thread::handle_write_request(),21,32,34
b7ab360f2b492e8df6cc0b6c6ddbfe2d19d694dd,9,nanvix-bench::read_exact(),23,26,27
b7ab360f2b492e8df6cc0b6c6ddbfe2d19d694dd,10,Total,400,412,418
5c775280c20f00358509076689637dbb25fda8bc,0,nanvix-bench::write_all(),,,
5c775280c20f00358509076689637dbb25fda8bc,1,linuxd::worker_thread::handle_read_request(),167,174,177
5c775280c20f00358509076689637dbb25fda8bc,2,uservm::io_thread::system_vm::read(),19,21,21
5c775280c20f00358509076689637dbb25fda8bc,3,uservm::memory_thread::data_rx::recv(),8,10,10
5c775280c20f00358509076689637dbb25fda8bc,4,uservm::lib::vm_input::vmexit(),89,95,97
5c775280c20f00358509076689637dbb25fda8bc,5,uservm::lib::vm_input::vm_write_bytes(),0,1,1
5c775280c20f00358509076689637dbb25fda8bc,6,uservm::lib::vm_output::send(),61,61,61
5c775280c20f00358509076689637dbb25fda8bc,7,uservm::io_thread::system_vm::write(),4,4,6
5c775280c20f00358509076689637dbb25fda8bc,8,linuxd::worker_thread::handle_write_request(),29,32,33
5c775280c20f00358509076689637dbb25fda8bc,9,nanvix-bench::read_exact(),23,26,27
5c775280c20f00358509076689637dbb25fda8bc,10,Total,400,407,410
6aede6a6bf49af3c5683f8e58ec7311f467c1b10,0,nanvix-bench::write_all(),,,
6aede6a6bf49af3c5683f8e58ec7311f467c1b10,1,linuxd::worker_thread::handle_read_request(),168,180,186
6aede6a6bf49af3c5683f8e58ec7311f467c1b10,2,uservm::io_thread::system_vm::read(),18,20,21
6aede6a6bf49af3c5683f8e58ec7311f467c1b10,3,uservm::memory_thread::data_rx::recv(),8,10,10
6aede6a6bf49af3c5683f8e58ec7311f467c1b10,4,uservm::lib::vm_input::vmexit(),89,100,101
6aede6a6bf49af3c5683f8e58ec7311f467c1b10,5,uservm::lib::vm_input::vm_write_bytes(),0,1,1
6aede6a6bf49af3c5683f8e58ec7311f467c1b10,6,uservm::lib::vm_output::send(),61,67,68
6aede6a6bf49af3c5683f8e58ec7311f467c1b10,7,uservm::io_thread::system_vm::write(),3,4,6
6aede6a6bf49af3c5683f8e58ec7311f467c1b10,8,linuxd::worker_thread::handle_write_request(),28,33,34
6aede6a6bf49af3c5683f8e58ec7311f467c1b10,9,nanvix-bench::read_exact(),23,25,27
6aede6a6bf49af3c5683f8e58ec7311f467c1b10,10,Total,400,410,415
c1143578e7b65da50c770532199bd3b8d1a661e5,0,nanvix-bench::write_all(),,,
c1143578e7b65da50c770532199bd3b8d1a661e5,1,linuxd::worker_thread::handle_read_request(),167,180,186
c1143578e7b65da50c770532199bd3b8d1a661e5,2,uservm::io_thread::system_vm::read(),19,21,23
c1143578e7b65da50c770532199bd3b8d1a661e5,3,uservm::memory_thread::data_rx::recv(),8,9,10
c1143578e7b65da50c770532199bd3b8d1a661e5,4,uservm::lib::vm_input::vmexit(),95,100,101
c1143578e7b65da50c770532199bd3b8d1a661e5,5,uservm::lib::vm_input::vm_write_bytes(),0,1,1
c1143578e7b65da50c770532199bd3b8d1a661e5,6,uservm::lib::vm_output::send(),61,69,70
c1143578e7b65da50c770532199bd3b8d1a661e5,7,uservm::io_thread::system_vm::write(),3,15,16
c1143578e7b65da50c770532199bd3b8d1a661e5,8,linuxd::worker_thread::handle_write_request(),21,33,35
c1143578e7b65da50c770532199bd3b8d1a661e5,9,nanvix-bench::read_exact(),23,26,28
c1143578e7b65da50c770532199bd3b8d1a661e5,10,Total,399,428,432
3f06e437eca970c8c79d3690f139e612b7b26b77,0,nanvix-bench::write_all(),,,
3f06e437eca970c8c79d3690f139e612b7b26b77,1,linuxd::worker_thread::handle_read_request(),167,174,179
3f06e437eca970c8c79d3690f139e612b7b26b77,2,uservm::io_thread::system_vm::read(),20,21,22
3f06e437eca970c8c79d3690f139e612b7b26b77,3,uservm::memory_thread::data_rx::recv(),8,9,10
3f06e437eca970c8c79d3690f139e612b7b26b77,4,uservm::lib::vm_input::vmexit(),88,94,95
3f06e437eca970c8c79d3690f139e612b7b26b77,5,uservm::lib::vm_input::vm_write_bytes(),0,1,1
3f06e437eca970c8c79d3690f139e612b7b26b77,6,uservm::lib::vm_output::send(),60,61,61
3f06e437eca970c8c79d3690f139e612b7b26b77,7,uservm::io_thread::system_vm::write(),3,4,7
3f06e437eca970c8c79d3690f139e612b7b26b77,8,linuxd::worker_thread::handle_write_request(),29,33,34
3f06e437eca970c8c79d3690f139e612b7b26b77,9,nanvix-bench::read_exact(),23,25,27
3f06e437eca970c8c79d3690f139e612b7b26b77,10,Total,400,407,410
05264e56586a9a58184f3a19dca5cc4f60d27816,0,nanvix-bench::write_all(),,,
05264e56586a9a58184f3a19dca5cc4f60d27816,1,linuxd::worker_thread::handle_read_request(),167,172,174
05264e56586a9a58184f3a19dca5cc4f60d27816,2,uservm::io_thread::system_vm::read(),19,21,22
05264e56586a9a58184f3a19dca5cc4f60d27816,3,uservm::memory_thread::data_rx::recv(),9,10,10
05264e56586a9a58184f3a19dca5cc4f60d27816,4,uservm::lib::vm_input::vmexit(),86,89,90
05264e56586a9a58184f3a19dca5cc4f60d27816,5,uservm::lib::vm_input::vm_write_bytes(),0,1,1
05264e56586a9a58184f3a19dca5cc4f60d27816,6,uservm::lib::vm_output::send(),60,61,61
05264e56586a9a58184f3a19dca5cc4f60d27816,7,uservm::io_thread::system_vm::write(),4,5,6
05264e56586a9a58184f3a19dca5cc4f60d27816,8,linuxd::worker_thread::handle_write_request(),32,33,34
05264e56586a9a58184f3a19dca5cc4f60d27816,9,nanvix-bench::read_exact(),23,25,25
05264e56586a9a58184f3a19dca5cc4f60d27816,10,Total,399,404,408
bbbfd007d05a5e7ff9f7ff1e70adc2f6e8a1a8ad,0,nanvix-bench::write_all(),,,
bbbfd007d05a5e7ff9f7ff1e70adc2f6e8a1a8ad,1,linuxd::worker_thread::handle_read_request(),167,175,179
bbbfd007d05a5e7ff9f7ff1e70adc2f6e8a1a8ad,2,uservm::io_thread::system_vm::read(),18,19,20
bbbfd007d05a5e7ff9f7ff1e70adc2f6e8a1a8ad,3,uservm::memory_thread::data_rx::recv(),8,10,10
bbbfd007d05a5e7ff9f7ff1e70adc2f6e8a1a8ad,4,uservm::lib::vm_input::vmexit(),90,98,101
bbbfd007d05a5e7ff9f7ff1e70adc2f6e8a1a8ad,5,uservm::lib::vm_input::vm_write_bytes(),0,1,1
bbbfd007d05a5e7ff9f7ff1e70adc2f6e8a1a8ad,6,uservm::lib::vm_output::send(),60,61,61
bbbfd007d05a5e7ff9f7ff1e70adc2f6e8a1a8ad,7,uservm::io_thread::system_vm::write(),3,4,5
bbbfd007d05a5e7ff9f7ff1e70adc2f6e8a1a8ad,8,linuxd::worker_thread::handle_write_request(),29,33,33
bbbfd007d05a5e7ff9f7ff1e70adc2f6e8a1a8ad,9,nanvix-bench::read_exact(),23,28,30
bbbfd007d05a5e7ff9f7ff1e70adc2f6e8a1a8ad,10,Total,399,408,411
c3ae53b86011825f7c5dc9b992d3a8244fdd5c01,0,nanvix-bench::write_all(),,,
c3ae53b86011825f7c5dc9b992d3a8244fdd5c01,1,linuxd::worker_thread::handle_read_request(),167,175,178
c3ae53b86011825f7c5dc9b992d3a8244fdd5c01,2,uservm::io_thread::system_vm::read(),18,19,20
c3ae53b86011825f7c5dc9b992d3a8244fdd5c01,3,uservm::memory_thread::data_rx::recv(),8,10,10
c3ae53b86011825f7c5dc9b992d3a8244fdd5c01,4,uservm::lib::vm_input::vmexit(),87,91,92
c3ae53b86011825f7c5dc9b992d3a8244fdd5c01,5,uservm::lib::vm_input::vm_write_bytes(),0,1,1
c3ae53b86011825f7c5dc9b992d3a8244fdd5c01,6,uservm::lib::vm_output::send(),60,66,67
c3ae53b86011825f7c5dc9b992d3a8244fdd5c01,7,uservm::io_thread::system_vm::write(),3,4,5
c3ae53b86011825f7c5dc9b992d3a8244fdd5c01,8,linuxd::worker_thread::handle_write_request(),32,33,34
c3ae53b86011825f7c5dc9b992d3a8244fdd5c01,9,nanvix-bench::read_exact(),23,26,27
c3ae53b86011825f7c5dc9b992d3a8244fdd5c01,10,Total,400,408,411
580b0a7c4236e161270ce0400776c652c73445c8,0,nanvix-bench::write_all(),,,
580b0a7c4236e161270ce0400776c652c73445c8,1,linuxd::worker_thread::handle_read_request(),168,180,187
580b0a7c4236e161270ce0400776c652c73445c8,2,uservm::io_thread::system_vm::read(),18,19,20
580b0a7c4236e161270ce0400776c652c73445c8,3,uservm::memory_thread::data_rx::recv(),8,9,9
580b0a7c4236e161270ce0400776c652c73445c8,4,uservm::lib::vm_input::vmexit(),97,100,101
580b0a7c4236e161270ce0400776c652c73445c8,5,uservm::lib::vm_input::vm_write_bytes(),0,1,1
580b0a7c4236e161270ce0400776c652c73445c8,6,uservm::lib::vm_output::send(),61,67,68
580b0a7c4236e161270ce0400776c652c73445c8,7,uservm::io_thread::system_vm::write(),3,4,5
580b0a7c4236e161270ce0400776c652c73445c8,8,linuxd::worker_thread::handle_write_request(),21,27,33
580b0a7c4236e161270ce0400776c652c73445c8,9,nanvix-bench::read_exact(),23,25,26
580b0a7c4236e161270ce0400776c652c73445c8,10,Total,400,409,413
dfcfb2dafc6acfa86cd1db8f8c6cd498202e202c,0,nanvix-bench::write_all(),,,
dfcfb2dafc6acfa86cd1db8f8c6cd498202e202c,1,linuxd::worker_thread::handle_read_request(),168,180,185
dfcfb2dafc6acfa86cd1db8f8c6cd498202e202c,2,uservm::io_thread::system_vm::read(),18,20,21
dfcfb2dafc6acfa86cd1db8f8c6cd498202e202c,3,uservm::memory_thread::data_rx::recv(),8,9,10
dfcfb2dafc6acfa86cd1db8f8c6cd498202e202c,4,uservm::lib::vm_input::vmexit(),97,101,102
dfcfb2dafc6acfa86cd1db8f8c6cd498202e202c,5,uservm::lib::vm_input::vm_write_bytes(),0,1,1
dfcfb2dafc6acfa86cd1db8f8c6cd498202e202c,6,uservm::lib::vm_output::send(),60,61,61
dfcfb2dafc6acfa86cd1db8f8c6cd498202e202c,7,uservm::io_thread::system_vm::write(),3,4,5
dfcfb2dafc6acfa86cd1db8f8c6cd498202e202c,8,linuxd::worker_thread::handle_write_request(),21,36,38
dfcfb2dafc6acfa86cd1db8f8c6cd498202e202c,9,nanvix-bench::read_exact(),23,26,27
dfcfb2dafc6acfa86cd1db8f8c6cd498202e202c,10,Total,400,416,421
e549ace612712af9292e8d3165c0d5c1f7c030cc,0,nanvix-bench::write_all(),,,
e549ace612712af9292e8d3165c0d5c1f7c030cc,1,linuxd::worker_thread::handle_read_request(),169,181,184
e549ace612712af9292e8d3165c0d5c1f7c030cc,2,uservm::io_thread::system_vm::read(),18,19,21
e549ace612712af9292e8d3165c0d5c1f7c030cc,3,uservm::memory_thread::data_rx::recv(),8,9,10
e549ace612712af9292e8d3165c0d5c1f7c030cc,4,uservm::lib::vm_input::vmexit(),96,102,103
e549ace612712af9292e8d3165c0d5c1f7c030cc,5,uservm::lib::vm_input::vm_write_bytes(),0,1,1
e549ace612712af9292e8d3165c0d5c1f7c030cc,6,uservm::lib::vm_output::send(),60,61,61
e549ace612712af9292e8d3165c0d5c1f7c030cc,7,uservm::io_thread::system_vm::write(),3,7,12
e549ace612712af9292e8d3165c0d5c1f7c030cc,8,linuxd::worker_thread::handle_write_request(),21,32,34
e549ace612712af9292e8d3165c0d5c1f7c030cc,9,nanvix-bench::read_exact(),22,25,26
e549ace612712af9292e8d3165c0d5c1f7c030cc,10,Total,400,411,415
9e71fbaddc112024d46096074825d1d2de40b0b1,0,nanvix-bench::write_all(),,,
9e71fbaddc112024d46096074825d1d2de40b0b1,1,linuxd::worker_thread::handle_read_request(),167,178,182
9e71fbaddc112024d46096074825d1d2de40b0b1,2,uservm::io_thread::system_vm::read(),20,23,26
9e71fbaddc112024d46096074825d1d2de40b0b1,3,uservm::memory_thread::data_rx::recv(),8,9,10
9e71fbaddc112024d46096074825d1d2de40b0b1,4,uservm::lib::vm_input::vmexit(),87,98,100
9e71fbaddc112024d46096074825d1d2de40b0b1,5,uservm::lib::vm_input::vm_write_bytes(),0,1,1
9e71fbaddc112024d46096074825d1d2de40b0b1,6,uservm::lib::vm_output::send(),60,61,61
9e71fbaddc112024d46096074825d1d2de40b0b1,7,uservm::io_thread::system_vm::write(),4,5,6
9e71fbaddc112024d46096074825d1d2de40b0b1,8,linuxd::worker_thread::handle_write_request(),30,36,39
9e71fbaddc112024d46096074825d1d2de40b0b1,9,nanvix-bench::read_exact(),23,26,27
9e71fbaddc112024d46096074825d1d2de40b0b1,10,Total,399,410,417
2c6f4ba839c1bd97d58609918867bdc7449378c3,0,nanvix-bench::write_all(),,,
2c6f4ba839c1bd97d58609918867bdc7449378c3,1,linuxd::worker_thread::handle_read_request(),167,173,178
2c6f4ba839c1bd97d58609918867bdc7449378c3,2,uservm::io_thread::system_vm::read(),18,23,25
2c6f4ba839c1bd97d58609918867bdc7449378c3,3,uservm::memory_thread::data_rx::recv(),8,10,13
2c6f4ba839c1bd97d58609918867bdc7449378c3,4,uservm::lib::vm_input::vmexit(),90,98,100
2c6f4ba839c1bd97d58609918867bdc7449378c3,5,uservm::lib::vm_input::vm_write_bytes(),0,1,1
2c6f4ba839c1bd97d58609918867bdc7449378c3,6,uservm::lib::vm_output::send(),60,61,61
2c6f4ba839c1bd97d58609918867bdc7449378c3,7,uservm::io_thread::system_vm::write(),4,5,7
2c6f4ba839c1bd97d58609918867bdc7449378c3,8,linuxd::worker_thread::handle_write_request(),29,32,33
2c6f4ba839c1bd97d58609918867bdc7449378c3,9,nanvix-bench::read_exact(),23,27,29
2c6f4ba839c1bd97d58609918867bdc7449378c3,10,Total,400,407,411
f8598c1b9aeff50aa916ec01cab51f6544a125fe,0,nanvix-bench::write_all(),,,
f8598c1b9aeff50aa916ec01cab51f6544a125fe,1,linuxd::worker_thread::handle_read_request(),166,177,180
f8598c1b9aeff50aa916ec01cab51f6544a125fe,2,uservm::io_thread::system_vm::read(),18,18,20
f8598c1b9aeff50aa916ec01cab51f6544a125fe,3,uservm::memory_thread::data_rx::recv(),8,9,10
f8598c1b9aeff50aa916ec01cab51f6544a125fe,4,uservm::lib::vm_input::vmexit(),87,91,92
f8598c1b9aeff50aa916ec01cab51f6544a125fe,5,uservm::lib::vm_input::vm_write_bytes(),0,1,1
f8598c1b9aeff50aa916ec01cab51f6544a125fe,6,uservm::lib::vm_output::send(),60,68,69
f8598c1b9aeff50aa916ec01cab51f6544a125fe,7,uservm::io_thread::system_vm::write(),4,5,6
f8598c1b9aeff50aa916ec01cab51f6544a125fe,8,linuxd::worker_thread::handle_write_request(),32,33,34
f8598c1b9aeff50aa916ec01cab51f6544a125fe,9,nanvix-bench::read_exact(),24,27,28
f8598c1b9aeff50aa916ec01cab51f6544a125fe,10,Total,400,410,413
11663efc1b496112c3c1b6d39406071a9afe333d,0,nanvix-bench::write_all(),,,
11663efc1b496112c3c1b6d39406071a9afe333d,1,linuxd::worker_thread::handle_read_request(),167,179,182
11663efc1b496112c3c1b6d39406071a9afe333d,2,uservm::io_thread::system_vm::read(),19,21,21
11663efc1b496112c3c1b6d39406071a9afe333d,3,uservm::memory_thread::data_rx::recv(),8,10,10
11663efc1b496112c3c1b6d39406071a9afe333d,4,uservm::lib::vm_input::vmexit(),90,99,101
11663efc1b496112c3c1b6d39406071a9afe333d,5,uservm::lib::vm_input::vm_write_bytes(),0,1,1
11663efc1b496112c3c1b6d39406071a9afe333d,6,uservm::lib::vm_output::send(),61,62,62
11663efc1b496112c3c1b6d39406071a9afe333d,7,uservm::io_thread::system_vm::write(),4,4,6
11663efc1b496112c3c1b6d39406071a9afe333d,8,linuxd::worker_thread::handle_write_request(),28,33,34
11663efc1b496112c3c1b6d39406071a9afe333d,9,nanvix-bench::read_exact(),23,26,27
11663efc1b496112c3c1b6d39406071a9afe333d,10,Total,399,411,415
399c1bcf1e59df41da6ad27c608df0699c5f7860,0,nanvix-bench::write_all(),,,
399c1bcf1e59df41da6ad27c608df0699c5f7860,1,linuxd::worker_thread::handle_read_request(),164,176,182
399c1bcf1e59df41da6ad27c608df0699c5f7860,2,uservm::io_thread::system_vm::read(),18,19,20
399c1bcf1e59df41da6ad27c608df0699c5f7860,3,uservm::memory_thread::data_rx::recv(),8,9,10
399c1bcf1e59df41da6ad27c608df0699c5f7860,4,uservm::lib::vm_input::vmexit(),97,102,102
399c1bcf1e59df41da6ad27c608df0699c5f7860,5,uservm::lib::vm_input::vm_write_bytes(),0,1,1
399c1bcf1e59df41da6ad27c608df0699c5f7860,6,uservm::lib::vm_output::send(),61,69,70
399c1bcf1e59df41da6ad27c608df0699c5f7860,7,uservm::io_thread::system_vm::write(),4,5,6
399c1bcf1e59df41da6ad27c608df0699c5f7860,8,linuxd::worker_thread::handle_write_request(),28,33,34
399c1bcf1e59df41da6ad27c608df0699c5f7860,9,nanvix-bench::read_exact(),23,26,28
399c1bcf1e59df41da6ad27c608df0699c5f7860,10,Total,400,412,419
9795dbe858bfae70f91e6f6e85e2252b540facec,0,nanvix-bench::write_all(),,,
9795dbe858bfae70f91e6f6e85e2252b540facec,1,linuxd::worker_thread::handle_read_request(),166,173,179
9795dbe858bfae70f91e6f6e85e2252b540facec,2,uservm::io_thread::system_vm::read(),18,20,20
9795dbe858bfae70f91e6f6e85e2252b540facec,3,uservm::memory_thread::data_rx::recv(),8,9,10
9795dbe858bfae70f91e6f6e85e2252b540facec,4,uservm::lib::vm_input::vmexit(),98,102,103
9795dbe858bfae70f91e6f6e85e2252b540facec,5,uservm::lib::vm_input::vm_write_bytes(),0,1,1
9795dbe858bfae70f91e6f6e85e2252b540facec,6,uservm::lib::vm_output::send(),61,62,62
9795dbe858bfae70f91e6f6e85e2252b540facec,7,uservm::io_thread::system_vm::write(),3,5,8
9795dbe858bfae70f91e6f6e85e2252b540facec,8,linuxd::worker_thread::handle_write_request(),21,33,34
9795dbe858bfae70f91e6f6e85e2252b540facec,9,nanvix-bench::read_exact(),23,26,27
9795dbe858bfae70f91e6f6e85e2252b540facec,10,Total,400,407,414
19bb5ffe2976a6e5dd2ccca6fa46bae459a7ac07,0,nanvix-bench::write_all(),,,
19bb5ffe2976a6e5dd2ccca6fa46bae459a7ac07,1,linuxd::worker_thread::handle_read_request(),166,180,183
19bb5ffe2976a6e5dd2ccca6fa46bae459a7ac07,2,uservm::io_thread::system_vm::read(),18,20,20
19bb5ffe2976a6e5dd2ccca6fa46bae459a7ac07,3,uservm::memory_thread::data_rx::recv(),8,9,9
19bb5ffe2976a6e5dd2ccca6fa46bae459a7ac07,4,uservm::lib::vm_input::vmexit(),90,101,103
19bb5ffe2976a6e5dd2ccca6fa46bae459a7ac07,5,uservm::lib::vm_input::vm_write_bytes(),0,1,1
19bb5ffe2976a6e5dd2ccca6fa46bae459a7ac07,6,uservm::lib::vm_output::send(),61,61,62
19bb5ffe2976a6e5dd2ccca6fa46bae459a7ac07,7,uservm::io_thread::system_vm::write(),4,4,6
19bb5ffe2976a6e5dd2ccca6fa46bae459a7ac07,8,linuxd::worker_thread::handle_write_request(),31,34,35
19bb5ffe2976a6e5dd2ccca6fa46bae459a7ac07,9,nanvix-bench::read_exact(),23,26,26
19bb5ffe2976a6e5dd2ccca6fa46bae459a7ac07,10,Total,400,413,417
d496171e81b325c34f4591c309cdea83bfc8ffb9,0,nanvix-bench::write_all(),,,
d496171e81b325c34f4591c309cdea83bfc8ffb9,1,linuxd::worker_thread::handle_read_request(),172,180,184
d496171e81b325c34f4591c309cdea83bfc8ffb9,2,uservm::io_thread::system_vm::read(),19,21,22
d496171e81b325c34f4591c309cdea83bfc8ffb9,3,uservm::memory_thread::data_rx::recv(),8,9,9
d496171e81b325c34f4591c309cdea83bfc8ffb9,4,uservm::lib::vm_input::vmexit(),88,95,97
d496171e81b325c34f4591c309cdea83bfc8ffb9,5,uservm::lib::vm_input::vm_write_bytes(),0,1,1
d496171e81b325c34f4591c309cdea83bfc8ffb9,6,uservm::lib::vm_output::send(),57,58,58
d496171e81b325c34f4591c309cdea83bfc8ffb9,7,uservm::io_thread::system_vm::write(),3,4,6
d496171e81b325c34f4591c309cdea83bfc8ffb9,8,linuxd::worker_thread::handle_write_request(),29,33,34
d496171e81b325c34f4591c309cdea83bfc8ffb9,9,nanvix-bench::read_exact(),23,25,25
d496171e81b325c34f4591c309cdea83bfc8ffb9,10,Total,400,410,413
31f7cfbb26ba95a97d57b16136ba710921262f40,0,nanvix-bench::write_all(),,,
31f7cfbb26ba95a97d57b16136ba710921262f40,1,linuxd::worker_thread::handle_read_request(),171,180,185
31f7cfbb26ba95a97d57b16136ba710921262f40,2,uservm::io_thread::system_vm::read(),18,20,21
31f7cfbb26ba95a97d57b16136ba710921262f40,3,uservm::memory_thread::data_rx::recv(),8,10,10
31f7cfbb26ba95a97d57b16136ba710921262f40,4,uservm::lib::vm_input::vmexit(),90,100,101
31f7cfbb26ba95a97d57b16136ba710921262f40,5,uservm::lib::vm_input::vm_write_bytes(),0,0,1
31f7cfbb26ba95a97d57b16136ba710921262f40,6,uservm::lib::vm_output::send(),57,57,58
31f7cfbb26ba95a97d57b16136ba710921262f40,7,uservm::io_thread::system_vm::write(),3,4,9
31f7cfbb26ba95a97d57b16136ba710921262f40,8,linuxd::worker_thread::handle_write_request(),29,34,37
31f7cfbb26ba95a97d57b16136ba710921262f40,9,nanvix-bench::read_exact(),23,26,27
31f7cfbb26ba95a97d57b16136ba710921262f40,10,Total,400,408,412
9b9280cdf607bee5551ef27a9bb4f82048bb666f,0,nanvix-bench::write_all(),,,
9b9280cdf607bee5551ef27a9bb4f82048bb666f,1,linuxd::worker_thread::handle_read_request(),170,177,180
9b9280cdf607bee5551ef27a9bb4f82048bb666f,2,uservm::io_thread::system_vm::read(),18,19,20
9b9280cdf607bee5551ef27a9bb4f82048bb666f,3,uservm::memory_thread::data_rx::recv(),8,10,10
9b9280cdf607bee5551ef27a9bb4f82048bb666f,4,uservm::lib::vm_input::vmexit(),87,93,97
9b9280cdf607bee5551ef27a9bb4f82048bb666f,5,uservm::lib::vm_input::vm_write_bytes(),0,1,1
9b9280cdf607bee5551ef27a9bb4f82048bb666f,6,uservm::lib::vm_output::send(),57,58,58
9b9280cdf607bee5551ef27a9bb4f82048bb666f,7,uservm::io_thread::system_vm::write(),4,4,5
9b9280cdf607bee5551ef27a9bb4f82048bb666f,8,linuxd::worker_thread::handle_write_request(),32,34,35
9b9280cdf607bee5551ef27a9bb4f82048bb666f,9,nanvix-bench::read_exact(),23,26,28
9b9280cdf607bee5551ef27a9bb4f82048bb666f,10,Total,400,407,411
29b35789933ea08a43c8cfa319ee182ab705a5b2,0,nanvix-bench::write_all(),,,
29b35789933ea08a43c8cfa319ee182ab705a5b2,1,linuxd::worker_thread::handle_read_request(),170,182,186
29b35789933ea08a43c8cfa319ee182ab705a5b2,2,uservm::io_thread::system_vm::read(),18,21,23
29b35789933ea08a43c8cfa319ee182ab705a5b2,3,uservm::memory_thread::data_rx::recv(),8,9,10
29b35789933ea08a43c8cfa319ee182ab705a5b2,4,uservm::lib::vm_input::vmexit(),91,100,101
29b35789933ea08a43c8cfa319ee182ab705a5b2,5,uservm::lib::vm_input::vm_write_bytes(),0,1,1
29b35789933ea08a43c8cfa319ee182ab705a5b2,6,uservm::lib::vm_output::send(),57,63,64
29b35789933ea08a43c8cfa319ee182ab705a5b2,7,uservm::io_thread::system_vm::write(),3,5,7
29b35789933ea08a43c8cfa319ee182ab705a5b2,8,linuxd::worker_thread::handle_write_request(),28,33,34
29b35789933ea08a43c8cfa319ee182ab705a5b2,9,nanvix-bench::read_exact(),24,26,27
29b35789933ea08a43c8cfa319ee182ab705a5b2,10,Total,399,411,416
1ad4ef69989a4d626ac9a0aea67ce995906565e4,0,nanvix-bench::write_all(),,,
1ad4ef69989a4d626ac9a0aea67ce995906565e4,1,linuxd::worker_thread::handle_read_request(),170,179,184
1ad4ef69989a4d626ac9a0aea67ce995906565e4,2,uservm::io_thread::system_vm::read(),18,20,21
1ad4ef69989a4d626ac9a0aea67ce995906565e4,3,uservm::memory_thread::data_rx::recv(),8,9,9
1ad4ef69989a4d626ac9a0aea67ce995906565e4,4,uservm::lib::vm_input::vmexit(),97,101,102
1ad4ef69989a4d626ac9a0aea67ce995906565e4,5,uservm::lib::vm_input::vm_write_bytes(),0,1,1
1ad4ef69989a4d626ac9a0aea67ce995906565e4,6,uservm::lib::vm_output::send(),57,58,58
1ad4ef69989a4d626ac9a0aea67ce995906565e4,7,uservm::io_thread::system_vm::write(),3,4,6
1ad4ef69989a4d626ac9a0aea67ce995906565e4,8,linuxd::worker_thread::handle_write_request(),21,32,33
1ad4ef69989a4d626ac9a0aea67ce995906565e4,9,nanvix-bench::read_exact(),24,26,28
1ad4ef69989a4d626ac9a0aea67ce995906565e4,10,Total,399,408,413
41ab5f0ccb90753011ead705c1754b3ed9a14f3b,0,nanvix-bench::write_all(),,,
41ab5f0ccb90753011ead705c1754b3ed9a14f3b,1,linuxd::worker_thread::handle_read_request(),171,183,186
41ab5f0ccb90753011ead705c1754b3ed9a14f3b,2,uservm::io_thread::system_vm::read(),18,19,21
41ab5f0ccb90753011ead705c1754b3ed9a14f3b,3,uservm::memory_thread::data_rx::recv(),8,9,10
41ab5f0ccb90753011ead705c1754b3ed9a14f3b,4,uservm::lib::vm_input::vmexit(),97,100,101
41ab5f0ccb90753011ead705c1754b3ed9a14f3b,5,uservm::lib::vm_input::vm_write_bytes(),0,1,1
41ab5f0ccb90753011ead705c1754b3ed9a14f3b,6,uservm::lib::vm_output::send(),57,57,58
41ab5f0ccb90753011ead705c1754b3ed9a14f3b,7,uservm::io_thread::system_vm::write(),3,4,7
41ab5f0ccb90753011ead705c1754b3ed9a14f3b,8,linuxd::worker_thread::handle_write_request(),21,33,34
41ab5f0ccb90753011ead705c1754b3ed9a14f3b,9,nanvix-bench::read_exact(),23,25,27
41ab5f0ccb90753011ead705c1754b3ed9a14f3b,10,Total,400,411,414
91188c450fe6e1b5dc2c6dd942e5a497dfbc91a8,0,nanvix-bench::write_all(),,,
91188c450fe6e1b5dc2c6dd942e5a497dfbc91a8,1,linuxd::worker_thread::handle_read_request(),170,184,187
91188c450fe6e1b5dc2c6dd942e5a497dfbc91a8,2,uservm::io_thread::system_vm::read(),18,19,20
91188c450fe6e1b5dc2c6dd942e5a497dfbc91a8,3,uservm::memory_thread::data_rx::recv(),8,9,9
91188c450fe6e1b5dc2c6dd942e5a497dfbc91a8,4,uservm::lib::vm_input::vmexit(),97,105,107
91188c450fe6e1b5dc2c6dd942e5a497dfbc91a8,5,uservm::lib::vm_input::vm_write_bytes(),0,1,1
91188c450fe6e1b5dc2c6dd942e5a497dfbc91a8,6,uservm::lib::vm_output::send(),57,58,58
91188c450fe6e1b5dc2c6dd942e5a497dfbc91a8,7,uservm::io_thread::system_vm::write(),4,5,6
91188c450fe6e1b5dc2c6dd942e5a497dfbc91a8,8,linuxd::worker_thread::handle_write_request(),21,33,34
91188c450fe6e1b5dc2c6dd942e5a497dfbc91a8,9,nanvix-bench::read_exact(),23,25,26
91188c450fe6e1b5dc2c6dd942e5a497dfbc91a8,10,Total,400,412,418
b94515a8b0bfd287760eca2ca53b36fe37d16d8d,0,nanvix-bench::write_all(),,,
b94515a8b0bfd287760eca2ca53b36fe37d16d8d,1,linuxd::worker_thread::handle_read_request(),170,182,186
b94515a8b0bfd287760eca2ca53b36fe37d16d8d,2,uservm::io_thread::system_vm::read(),19,23,26
b94515a8b0bfd287760eca2ca53b36fe37d16d8d,3,uservm::memory_thread::data_rx::recv(),8,12,13
b94515a8b0bfd287760eca2ca53b36fe37d16d8d,4,uservm::lib::vm_input::vmexit(),95,100,100
b94515a8b0bfd287760eca2ca53b36fe37d16d8d,5,uservm::lib::vm_input::vm_write_bytes(),0,1,1
b94515a8b0bfd287760eca2ca53b36fe37d16d8d,6,uservm::lib::vm_output::send(),57,58,58
b94515a8b0bfd287760eca2ca53b36fe37d16d8d,7,uservm::io_thread::system_vm::write(),3,4,7
b94515a8b0bfd287760eca2ca53b36fe37d16d8d,8,linuxd::worker_thread::handle_write_request(),21,32,35
b94515a8b0bfd287760eca2ca53b36fe37d16d8d,9,nanvix-bench::read_exact(),24,27,28
b94515a8b0bfd287760eca2ca53b36fe37d16d8d,10,Total,400,410,416
789b12fd25faf78cc91d7c5fb8532a10e765662c,0,nanvix-bench::write_all(),,,
789b12fd25faf78cc91d7c5fb8532a10e765662c,1,linuxd::worker_thread::handle_read_request(),169,178,184
789b12fd25faf78cc91d7c5fb8532a10e765662c,2,uservm::io_thread::system_vm::read(),20,22,23
789b12fd25faf78cc91d7c5fb8532a10e765662c,3,uservm::memory_thread::data_rx::recv(),8,9,10
789b12fd25faf78cc91d7c5fb8532a10e765662c,4,uservm::lib::vm_input::vmexit(),90,99,100
789b12fd25faf78cc91d7c5fb8532a10e765662c,5,uservm::lib::vm_input::vm_write_bytes(),0,1,1
789b12fd25faf78cc91d7c5fb8532a10e765662c,6,uservm::lib::vm_output::send(),57,58,58
789b12fd25faf78cc91d7c5fb8532a10e765662c,7,uservm::io_thread::system_vm::write(),3,4,8
789b12fd25faf78cc91d7c5fb8532a10e765662c,8,linuxd::worker_thread::handle_write_request(),28,32,34
789b12fd25faf78cc91d7c5fb8532a10e765662c,9,nanvix-bench::read_exact(),24,26,26
789b12fd25faf78cc91d7c5fb8532a10e765662c,10,Total,400,409,414
9bf2c6d2b4e9dd6f9d851ab60aa0e8c235479779,0,nanvix-bench::write_all(),,,
9bf2c6d2b4e9dd6f9d851ab60aa0e8c235479779,1,linuxd::worker_thread::handle_read_request(),103,124,129
9bf2c6d2b4e9dd6f9d851ab60aa0e8c235479779,2,uservm::io_thread::system_vm::read(),18,19,22
9bf2c6d2b4e9dd6f9d851ab60aa0e8c235479779,3,uservm::memory_thread::data_rx::recv(),8,9,11
9bf2c6d2b4e9dd6f9d851ab60aa0e8c235479779,4,uservm::lib::vm_input::vmexit(),18,22,25
9bf2c6d2b4e9dd6f9d851ab60aa0e8c235479779,5,uservm::lib::vm_input::vm_write_bytes(),0,1,1
9bf2c6d2b4e9dd6f9d851ab60aa0e8c235479779,6,uservm::lib::vm_output::send(),57,71,76
9bf2c6d2b4e9dd6f9d851ab60aa0e8c235479779,7,uservm::io_thread::system_vm::write(),4,14,15
9bf2c6d2b4e9dd6f9d851ab60aa0e8c235479779,8,linuxd::worker_thread::handle_write_request(),30,34,35
9bf2c6d2b4e9dd6f9d851ab60aa0e8c235479779,9,nanvix-bench::read_exact(),23,26,28
9bf2c6d2b4e9dd6f9d851ab60aa0e8c235479779,10,Total,267,289,296
fd68ab054f06eb77702dd937f84b0ca67ce45c34,0,nanvix-bench::write_all(),,,
fd68ab054f06eb77702dd937f84b0ca67ce45c34,1,linuxd::worker_thread::handle_read_request(),102,121,126
fd68ab054f06eb77702dd937f84b0ca67ce45c34,2,uservm::io_thread::system_vm::read(),17,20,23
fd68ab054f06eb77702dd937f84b0ca67ce45c34,3,uservm::memory_thread::data_rx::recv(),8,10,10
fd68ab054f06eb77702dd937f84b0ca67ce45c34,4,uservm::lib::vm_input::vmexit(),18,20,23
fd68ab054f06eb77702dd937f84b0ca67ce45c34,5,uservm::lib::vm_input::vm_write_bytes(),0,1,1
fd68ab054f06eb77702dd937f84b0ca67ce45c34,6,uservm::lib::vm_output::send(),57,73,77
fd68ab054f06eb77702dd937f84b0ca67ce45c34,7,uservm::io_thread::system_vm::write(),3,13,14
fd68ab054f06eb77702dd937f84b0ca67ce45c34,8,linuxd::worker_thread::handle_write_request(),29,33,37
fd68ab054f06eb77702dd937f84b0ca67ce45c34,9,nanvix-bench::read_exact(),25,27,29
fd68ab054f06eb77702dd937f84b0ca67ce45c34,10,Total,268,283,293
cb9ee3ba2a05c52a0159741d446943d812bbb072,0,nanvix-bench::write_all(),,,
cb9ee3ba2a05c52a0159741d446943d812bbb072,1,linuxd::worker_thread::handle_read_request(),106,123,128
cb9ee3ba2a05c52a0159741d446943d812bbb072,2,uservm::io_thread::system_vm::read(),18,20,22
cb9ee3ba2a05c52a0159741d446943d812bbb072,3,uservm::memory_thread::data_rx::recv(),8,10,10
cb9ee3ba2a05c52a0159741d446943d812bbb072,4,uservm::lib::vm_input::vmexit(),19,23,26
cb9ee3ba2a05c52a0159741d446943d812bbb072,5,uservm::lib::vm_input::vm_write_bytes(),0,1,1
cb9ee3ba2a05c52a0159741d446943d812bbb072,6,uservm::lib::vm_output::send(),58,70,75
cb9ee3ba2a05c52a0159741d446943d812bbb072,7,uservm::io_thread::system_vm::write(),4,14,15
cb9ee3ba2a05c52a0159741d446943d812bbb072,8,linuxd::worker_thread::handle_write_request(),30,33,36
cb9ee3ba2a05c52a0159741d446943d812bbb072,9,nanvix-bench::read_exact(),23,26,28
cb9ee3ba2a05c52a0159741d446943d812bbb072,10,Total,273,291,299
96444c456a1a6f78d41e1cc44e0dce2c33edb5cd,0,nanvix-bench::write_all(),,,
96444c456a1a6f78d41e1cc44e0dce2c33edb5cd,1,linuxd::worker_thread::handle_read_request(),97,123,131
96444c456a1a6f78d41e1cc44e0dce2c33edb5cd,2,uservm::io_thread::system_vm::read(),19,21,23
96444c456a1a6f78d41e1cc44e0dce2c33edb5cd,3,uservm::memory_thread::data_rx::recv(),9,10,10
96444c456a1a6f78d41e1cc44e0dce2c33edb5cd,4,uservm::lib::vm_input::vmexit(),19,22,28
96444c456a1a6f78d41e1cc44e0dce2c33edb5cd,5,uservm::lib::vm_input::vm_write_bytes(),0,1,1
96444c456a1a6f78d41e1cc44e0dce2c33edb5cd,6,uservm::lib::vm_output::send(),57,73,76
96444c456a1a6f78d41e1cc44e0dce2c33edb5cd,7,uservm::io_thread::system_vm::write(),4,14,14
96444c456a1a6f78d41e1cc44e0dce2c33edb5cd,8,linuxd::worker_thread::handle_write_request(),21,31,34
96444c456a1a6f78d41e1cc44e0dce2c33edb5cd,9,nanvix-bench::read_exact(),23,26,28
96444c456a1a6f78d41e1cc44e0dce2c33edb5cd,10,Total,260,281,295
7d439f3b1fe19d279f676467047b765d4737670b,0,nanvix-bench::write_all(),,,
7d439f3b1fe19d279f676467047b765d4737670b,1,linuxd::worker_thread::handle_read_request(),105,122,126
7d439f3b1fe19d279f676467047b765d4737670b,2,uservm::io_thread::system_vm::read(),18,20,22
7d439f3b1fe19d279f676467047b765d4737670b,3,uservm::memory_thread::data_rx::recv(),8,9,10
7d439f3b1fe19d279f676467047b765d4737670b,4,uservm::lib::vm_input::vmexit(),18,23,25
7d439f3b1fe19d279f676467047b765d4737670b,5,uservm::lib::vm_input::vm_write_bytes(),0,1,1
7d439f3b1fe19d279f676467047b765d4737670b,6,uservm::lib::vm_output::send(),57,70,73
7d439f3b1fe19d279f676467047b765d4737670b,7,uservm::io_thread::system_vm::write(),4,14,15
7d439f3b1fe19d279f676467047b765d4737670b,8,linuxd::worker_thread::handle_write_request(),30,32,34
7d439f3b1fe19d279f676467047b765d4737670b,9,nanvix-bench::read_exact(),23,26,28
7d439f3b1fe19d279f676467047b765d4737670b,10,Total,271,287,297
5bff214ad5feddc08055f29155d457c66644c6a5,0,nanvix-bench::write_all(),,,
5bff214ad5feddc08055f29155d457c66644c6a5,1,linuxd::worker_thread::handle_read_request(),104,123,129
5bff214ad5feddc08055f29155d457c66644c6a5,2,uservm::io_thread::system_vm::read(),18,20,21
5bff214ad5feddc08055f29155d457c66644c6a5,3,uservm::memory_thread::data_rx::recv(),8,10,10
5bff214ad5feddc08055f29155d457c66644c6a5,4,uservm::lib::vm_input::vmexit(),19,23,26
5bff214ad5feddc08055f29155d457c66644c6a5,5,uservm::lib::vm_input::vm_write_bytes(),0,1,1
5bff214ad5feddc08055f29155d457c66644c6a5,6,uservm::lib::vm_output::send(),57,71,74
5bff214ad5feddc08055f29155d457c66644c6a5,7,uservm::io_thread::system_vm::write(),4,14,14
5bff214ad5feddc08055f29155d457c66644c6a5,8,linuxd::worker_thread::handle_write_request(),29,33,34
5bff214ad5feddc08055f29155d457c66644c6a5,9,nanvix-bench::read_exact(),23,25,27
5bff214ad5feddc08055f29155d457c66644c6a5,10,Total,269,289,301
b12afdecb29cbda299e31f2568803de255633835,0,nanvix-bench::write_all(),,,
b12afdecb29cbda299e31f2568803de255633835,1,linuxd::worker_thread::handle_read_request(),105,124,130
b12afdecb29cbda299e31f2568803de255633835,2,uservm::io_thread::system_vm::read(),18,20,22
b12afdecb29cbda299e31f2568803de255633835,3,uservm::memory_thread::data_rx::recv(),8,10,10
b12afdecb29cbda299e31f2568803de255633835,4,uservm::lib::vm_input::vmexit(),19,23,26
b12afdecb29cbda299e31f2568803de255633835,5,uservm::lib::vm_input::vm_write_bytes(),0,1,1
b12afdecb29cbda299e31f2568803de255633835,6,uservm::lib::vm_output::send(),57,71,76
b12afdecb29cbda299e31f2568803de255633835,7,uservm::io_thread::system_vm::write(),4,14,15
b12afdecb29cbda299e31f2568803de255633835,8,linuxd::worker_thread::handle_write_request(),29,32,34
b12afdecb29cbda299e31f2568803de255633835,9,nanvix-bench::read_exact(),24,27,28
b12afdecb29cbda299e31f2568803de255633835,10,Total,273,293,301
27db0c98adaa5bc7847ae073902815b7dc92251b,0,nanvix-bench::write_all(),,,
27db0c98adaa5bc7847ae073902815b7dc92251b,1,linuxd::worker_thread::handle_read_request(),103,119,123
27db0c98adaa5bc7847ae073902815b7dc92251b,2,uservm::io_thread::system_vm::read(),18,21,23
27db0c98adaa5bc7847ae073902815b7dc92251b,3,uservm::memory_thread::data_rx::recv(),8,9,10
27db0c98adaa5bc7847ae073902815b7dc92251b,4,uservm::lib::vm_input::vmexit(),18,21,24
27db0c98adaa5bc7847ae073902815b7dc92251b,5,uservm::lib::vm_input::vm_write_bytes(),0,1,1
27db0c98adaa5bc7847ae073902815b7dc92251b,6,uservm::lib::vm_output::send(),57,69,70
27db0c98adaa5bc7847ae073902815b7dc92251b,7,uservm::io_thread::system_vm::write(),3,13,15
27db0c98adaa5bc7847ae073902815b7dc92251b,8,linuxd::worker_thread::handle_write_request(),29,32,35
27db0c98adaa5bc7847ae073902815b7dc92251b,9,nanvix-bench::read_exact(),24,27,29
27db0c98adaa5bc7847ae073902815b7dc92251b,10,Total,269,283,291
5b3789b1e5662bc86b4955ec70f406f29ea80601,0,nanvix-bench::write_all(),,,
5b3789b1e5662bc86b4955ec70f406f29ea80601,1,linuxd::worker_thread::handle_read_request(),105,123,130
5b3789b1e5662bc86b4955ec70f406f29ea80601,2,uservm::io_thread::system_vm::read(),19,21,24
5b3789b1e5662bc86b4955ec70f406f29ea80601,3,uservm::memory_thread::data_rx::recv(),8,9,10
5b3789b1e5662bc86b4955ec70f406f29ea80601,4,uservm::lib::vm_input::vmexit(),19,22,26
5b3789b1e5662bc86b4955ec70f406f29ea80601,5,uservm::lib::vm_input::vm_write_bytes(),0,1,1
5b3789b1e5662bc86b4955ec70f406f29ea80601,6,uservm::lib::vm_output::send(),57,74,78
5b3789b1e5662bc86b4955ec70f406f29ea80601,7,uservm::io_thread::system_vm::write(),4,14,17
5b3789b1e5662bc86b4955ec70f406f29ea80601,8,linuxd::worker_thread::handle_write_request(),30,33,36
5b3789b1e5662bc86b4955ec70f406f29ea80601,9,nanvix-bench::read_exact(),24,27,30
5b3789b1e5662bc86b4955ec70f406f29ea80601,10,Total,272,293,304
04941d16598044b381bd63d960c83d3ac781cf79,0,nanvix-bench::write_all(),,,
04941d16598044b381bd63d960c83d3ac781cf79,1,linuxd::worker_thread::handle_read_request(),97,120,125
04941d16598044b381bd63d960c83d3ac781cf79,2,uservm::io_thread::system_vm::read(),19,21,22
04941d16598044b381bd63d960c83d3ac781cf79,3,uservm::memory_thread::data_rx::recv(),9,10,10
04941d16598044b381bd63d960c83d3ac781cf79,4,uservm::lib::vm_input::vmexit(),18,22,25
04941d16598044b381bd63d960c83d3ac781cf79,5,uservm::lib::vm_input::vm_write_bytes(),0,1,1
04941d16598044b381bd63d960c83d3ac781cf79,6,uservm::lib::vm_output::send(),57,70,71
04941d16598044b381bd63d960c83d3ac781cf79,7,uservm::io_thread::system_vm::write(),4,14,15
04941d16598044b381bd63d960c83d3ac781cf79,8,linuxd::worker_thread::handle_write_request(),24,32,35
04941d16598044b381bd63d960c83d3ac781cf79,9,nanvix-bench::read_exact(),23,26,28
04941d16598044b381bd63d960c83d3ac781cf79,10,Total,262,281,293
3c38b6ebce8edb1b65e00e889cdc6901eeaa434f,0,nanvix-bench::write_all(),,,
3c38b6ebce8edb1b65e00e889cdc6901eeaa434f,1,linuxd::worker_thread::handle_read_request(),101,113,123
3c38b6ebce8edb1b65e00e889cdc6901eeaa434f,2,uservm::io_thread::system_vm::read(),18,20,23
3c38b6ebce8edb1b65e00e889cdc6901eeaa434f,3,uservm::memory_thread::data_rx::recv(),8,10,11
3c38b6ebce8edb1b65e00e889cdc6901eeaa434f,4,uservm::lib::vm_input::vmexit(),18,20,25
3c38b6ebce8edb1b65e00e889cdc6901eeaa434f,5,uservm::lib::vm_input::vm_write_bytes(),0,1,1
3c38b6ebce8edb1b65e00e889cdc6901eeaa434f,6,uservm::lib::vm_output::send(),57,64,70
3c38b6ebce8edb1b65e00e889cdc6901eeaa434f,7,uservm::io_thread::system_vm::write(),4,6,14
3c38b6ebce8edb1b65e00e889cdc6901eeaa434f,8,linuxd::worker_thread::handle_write_request(),22,34,37
3c38b6ebce8edb1b65e00e889cdc6901eeaa434f,9,nanvix-bench::read_exact(),23,26,29
3c38b6ebce8edb1b65e00e889cdc6901eeaa434f,10,Total,254,272,283
41854075699a5fd6ac4f4f21a11575366d578b66,0,nanvix-bench::write_all(),,,
41854075699a5fd6ac4f4f21a11575366d578b66,1,linuxd::worker_thread::handle_read_request(),101,112,121
41854075699a5fd6ac4f4f21a11575366d578b66,2,uservm::io_thread::system_vm::read(),18,20,22
41854075699a5fd6ac4f4f21a11575366d578b66,3,uservm::memory_thread::data_rx::recv(),8,10,11
41854075699a5fd6ac4f4f21a11575366d578b66,4,uservm::lib::vm_input::vmexit(),18,21,26
41854075699a5fd6ac4f4f21a11575366d578b66,5,uservm::lib::vm_input::vm_write_bytes(),0,1,1
41854075699a5fd6ac4f4f21a11575366d578b66,6,uservm::lib::vm_output::send(),57,65,70
41854075699a5fd6ac4f4f21a11575366d578b66,7,uservm::io_thread::system_vm::write(),3,7,14
41854075699a5fd6ac4f4f21a11575366d578b66,8,linuxd::worker_thread::handle_write_request(),29,32,36
41854075699a5fd6ac4f4f21a11575366d578b66,9,nanvix-bench::read_exact(),23,26,29
41854075699a5fd6ac4f4f21a11575366d578b66,10,Total,261,279,286
9d242df7ac7ac0d7a3c3e0dd48cfdfb16612b90f,0,nanvix-bench::write_all(),,,
9d242df7ac7ac0d7a3c3e0dd48cfdfb16612b90f,1,linuxd::worker_thread::handle_read_request(),103,114,121
9d242df7ac7ac0d7a3c3e0dd48cfdfb16612b90f,2,uservm::io_thread::system_vm::read(),18,20,23
9d242df7ac7ac0d7a3c3e0dd48cfdfb16612b90f,3,uservm::memory_thread::data_rx::recv(),8,9,12
9d242df7ac7ac0d7a3c3e0dd48cfdfb16612b90f,4,uservm::lib::vm_input::vmexit(),18,20,24
9d242df7ac7ac0d7a3c3e0dd48cfdfb16612b90f,5,uservm::lib::vm_input::vm_write_bytes(),0,1,1
9d242df7ac7ac0d7a3c3e0dd48cfdfb16612b90f,6,uservm::lib::vm_output::send(),57,66,70
9d242df7ac7ac0d7a3c3e0dd48cfdfb16612b90f,7,uservm::io_thread::system_vm::write(),4,7,14
9d242df7ac7ac0d7a3c3e0dd48cfdfb16612b90f,8,linuxd::worker_thread::handle_write_request(),31,33,36
9d242df7ac7ac0d7a3c3e0dd48cfdfb16612b90f,9,nanvix-bench::read_exact(),23,26,27
9d242df7ac7ac0d7a3c3e0dd48cfdfb16612b90f,10,Total,262,277,283
538add3070bbfa81a49030b077b549a21782f435,0,nanvix-bench::write_all(),,,
538add3070bbfa81a49030b077b549a21782f435,1,linuxd::worker_thread::handle_read_request(),101,116,126
538add3070bbfa81a49030b077b549a21782f435,2,uservm::io_thread::system_vm::read(),18,20,22
538add3070bbfa81a49030b077b549a21782f435,3,uservm::memory_thread::data_rx::recv(),9,10,10
538add3070bbfa81a49030b077b549a21782f435,4,uservm::lib::vm_input::vmexit(),17,19,26
538add3070bbfa81a49030b077b549a21782f435,5,uservm::lib::vm_input::vm_write_bytes(),0,1,1
538add3070bbfa81a49030b077b549a21782f435,6,uservm::lib::vm_output::send(),57,68,76
538add3070bbfa81a49030b077b549a21782f435,7,uservm::io_thread::system_vm::write(),4,5,14
538add3070bbfa81a49030b077b549a21782f435,8,linuxd::worker_thread::handle_write_request(),30,33,37
538add3070bbfa81a49030b077b549a21782f435,9,nanvix-bench::read_exact(),23,26,28
538add3070bbfa81a49030b077b549a21782f435,10,Total,260,279,286
a601aaf47f6cbc5dd255c446b541eceb2d590dc6,0,nanvix-bench::write_all(),,,
a601aaf47f6cbc5dd255c446b541eceb2d590dc6,1,linuxd::worker_thread::handle_read_request(),107,120,127
a601aaf47f6cbc5dd255c446b541eceb2d590dc6,2,uservm::io_thread::system_vm::read(),20,22,25
a601aaf47f6cbc5dd255c446b541eceb2d590dc6,3,uservm::memory_thread::data_rx::recv(),9,10,12
a601aaf47f6cbc5dd255c446b541eceb2d590dc6,4,uservm::lib::vm_input::vmexit(),18,20,25
a601aaf47f6cbc5dd255c446b541eceb2d590dc6,5,uservm::lib::vm_input::vm_write_bytes(),0,1,1
a601aaf47f6cbc5dd255c446b541eceb2d590dc6,6,uservm::lib::vm_output::send(),57,67,71
a601aaf47f6cbc5dd255c446b541eceb2d590dc6,7,uservm::io_thread::system_vm::write(),4,11,14
a601aaf47f6cbc5dd255c446b541eceb2d590dc6,8,linuxd::worker_thread::handle_write_request(),32,34,38
a601aaf47f6cbc5dd255c446b541eceb2d590dc6,9,nanvix-bench::read_exact(),24,27,30
a601aaf47f6cbc5dd255c446b541eceb2d590dc6,10,Total,270,289,300
36375e2e1b3ad0a7078a1434a15e884af614089a,0,nanvix-bench::write_all(),,,
36375e2e1b3ad0a7078a1434a15e884af614089a,1,linuxd::worker_thread::handle_read_request(),99,113,120
36375e2e1b3ad0a7078a1434a15e884af614089a,2,uservm::io_thread::system_vm::read(),18,20,24
36375e2e1b3ad0a7078a1434a15e884af614089a,3,uservm::memory_thread::data_rx::recv(),8,9,11
36375e2e1b3ad0a7078a1434a15e884af614089a,4,uservm::lib::vm_input::vmexit(),17,20,25
36375e2e1b3ad0a7078a1434a15e884af614089a,5,uservm::lib::vm_input::vm_write_bytes(),0,1,1
36375e2e1b3ad0a7078a1434a15e884af614089a,6,uservm::lib::vm_output::send(),57,68,70
36375e2e1b3ad0a7078a1434a15e884af614089a,7,uservm::io_thread::system_vm::write(),3,12,14
36375e2e1b3ad0a7078a1434a15e884af614089a,8,linuxd::worker_thread::handle_write_request(),28,32,35
36375e2e1b3ad0a7078a1434a15e884af614089a,9,nanvix-bench::read_exact(),24,27,30
36375e2e1b3ad0a7078a1434a15e884af614089a,10,Total,256,276,291
f040769e697a50e78f69284792242aefd030ca22,0,nanvix-bench::write_all(),,,
f040769e697a50e78f69284792242aefd030ca22,1,linuxd::worker_thread::handle_read_request(),100,112,121
f040769e697a50e78f69284792242aefd030ca22,2,uservm::io_thread::system_vm::read(),18,20,22
f040769e697a50e78f69284792242aefd030ca22,3,uservm::memory_thread::data_rx::recv(),8,9,10
f040769e697a50e78f69284792242aefd030ca22,4,uservm::lib::vm_input::vmexit(),16,20,25
f040769e697a50e78f69284792242aefd030ca22,5,uservm::lib::vm_input::vm_write_bytes(),0,1,1
f040769e697a50e78f69284792242aefd030ca22,6,uservm::lib::vm_output::send(),57,66,70
f040769e697a50e78f69284792242aefd030ca22,7,uservm::io_thread::system_vm::write(),4,7,14
f040769e697a50e78f69284792242aefd030ca22,8,linuxd::worker_thread::handle_write_request(),29,32,34
f040769e697a50e78f69284792242aefd030ca22,9,nanvix-bench::read_exact(),23,26,28
f040769e697a50e78f69284792242aefd030ca22,10,Total,258,273,287
c9288488e036107b0a3316ad492570c545d38bd9,0,nanvix-bench::write_all(),,,
c9288488e036107b0a3316ad492570c545d38bd9,1,linuxd::worker_thread::handle_read_request(),104,115,123
c9288488e036107b0a3316ad492570c545d38bd9,2,uservm::io_thread::system_vm::read(),19,21,24
c9288488e036107b0a3316ad492570c545d38bd9,3,uservm::memory_thread::data_rx::recv(),8,9,10
c9288488e036107b0a3316ad492570c545d38bd9,4,uservm::lib::vm_input::vmexit(),19,20,25
c9288488e036107b0a3316ad492570c545d38bd9,5,uservm::lib::vm_input::vm_write_bytes(),0,1,1
c9288488e036107b0a3316ad492570c545d38bd9,6,uservm::lib::vm_output::send(),57,66,70
c9288488e036107b0a3316ad492570c545d38bd9,7,uservm::io_thread::system_vm::write(),3,9,14
c9288488e036107b0a3316ad492570c545d38bd9,8,linuxd::worker_thread::handle_write_request(),29,32,36
c9288488e036107b0a3316ad492570c545d38bd9,9,nanvix-bench::read_exact(),23,26,28
c9288488e036107b0a3316ad492570c545d38bd9,10,Total,263,279,286
fa1cd876734cd7bd5399755df3c1a5a191c56ff1,0,nanvix-bench::write_all(),,,
fa1cd876734cd7bd5399755df3c1a5a191c56ff1,1,linuxd::worker_thread::handle_read_request(),100,115,127
fa1cd876734cd7bd5399755df3c1a5a191c56ff1,2,uservm::io_thread::system_vm::read(),19,21,23
fa1cd876734cd7bd5399755df3c1a5a191c56ff1,3,uservm::memory_thread::data_rx::recv(),8,9,10
fa1cd876734cd7bd5399755df3c1a5a191c56ff1,4,uservm::lib::vm_input::vmexit(),17,20,24
fa1cd876734cd7bd5399755df3c1a5a191c56ff1,5,uservm::lib::vm_input::vm_write_bytes(),0,1,1
fa1cd876734cd7bd5399755df3c1a5a191c56ff1,6,uservm::lib::vm_output::send(),57,65,75
fa1cd876734cd7bd5399755df3c1a5a191c56ff1,7,uservm::io_thread::system_vm::write(),4,6,14
fa1cd876734cd7bd5399755df3c1a5a191c56ff1,8,linuxd::worker_thread::handle_write_request(),25,33,34
fa1cd876734cd7bd5399755df3c1a5a191c56ff1,9,nanvix-bench::read_exact(),23,25,28
fa1cd876734cd7bd5399755df3c1a5a191c56ff1,10,Total,256,277,286
483f1d7526ab06f8568f02413b87238f1c21d141,0,nanvix-bench::write_all(),,,
483f1d7526ab06f8568f02413b87238f1c21d141,1,linuxd::worker_thread::handle_read_request(),103,114,121
483f1d7526ab06f8568f02413b87238f1c21d141,2,uservm::io_thread::system_vm::read(),18,20,22
483f1d7526ab06f8568f02413b87238f1c21d141,3,uservm::memory_thread::data_rx::recv(),9,10,12
483f1d7526ab06f8568f02413b87238f1c21d141,4,uservm::lib::vm_input::vmexit(),17,20,24
483f1d7526ab06f8568f02413b87238f1c21d141,5,uservm::lib::vm_input::vm_write_bytes(),0,1,1
483f1d7526ab06f8568f02413b87238f1c21d141,6,uservm::lib::vm_output::send(),57,66,70
483f1d7526ab06f8568f02413b87238f1c21d141,7,uservm::io_thread::system_vm::write(),4,6,14
483f1d7526ab06f8568f02413b87238f1c21d141,8,linuxd::worker_thread::handle_write_request(),31,34,37
483f1d7526ab06f8568f02413b87238f1c21d141,9,nanvix-bench::read_exact(),23,26,28
483f1d7526ab06f8568f02413b87238f1c21d141,10,Total,263,278,285
a6835fb1acfc0a2d2e27dd74e02bc2ec5a0f69bc,0,nanvix-bench::write_all(),,,
a6835fb1acfc0a2d2e27dd74e02bc2ec5a0f69bc,1,linuxd::worker_thread::handle_read_request(),104,116,122
a6835fb1acfc0a2d2e27dd74e02bc2ec5a0f69bc,2,uservm::io_thread::system_vm::read(),18,19,22
a6835fb1acfc0a2d2e27dd74e02bc2ec5a0f69bc,3,uservm::memory_thread::data_rx::recv(),9,10,11
a6835fb1acfc0a2d2e27dd74e02bc2ec5a0f69bc,4,uservm::lib::vm_input::vmexit(),17,20,24
a6835fb1acfc0a2d2e27dd74e02bc2ec5a0f69bc,5,uservm::lib::vm_input::vm_write_bytes(),0,1,1
a6835fb1acfc0a2d2e27dd74e02bc2ec5a0f69bc,6,uservm::lib::vm_output::send(),57,68,71
a6835fb1acfc0a2d2e27dd74e02bc2ec5a0f69bc,7,uservm::io_thread::system_vm::write(),4,10,14
a6835fb1acfc0a2d2e27dd74e02bc2ec5a0f69bc,8,linuxd::worker_thread::handle_write_request(),32,33,35
a6835fb1acfc0a2d2e27dd74e02bc2ec5a0f69bc,9,nanvix-bench::read_exact(),23,26,28
a6835fb1acfc0a2d2e27dd74e02bc2ec5a0f69bc,10,Total,265,279,286
f16936eb07012a5b8a8269b2addb179ed26bc3d2,0,nanvix-bench::write_all(),,,
f16936eb07012a5b8a8269b2addb179ed26bc3d2,1,linuxd::worker_thread::handle_read_request(),103,114,122
f16936eb07012a5b8a8269b2addb179ed26bc3d2,2,uservm::io_thread::system_vm::read(),20,21,24
f16936eb07012a5b8a8269b2addb179ed26bc3d2,3,uservm::memory_thread::data_rx::recv(),8,9,11
f16936eb07012a5b8a8269b2addb179ed26bc3d2,4,uservm::lib::vm_input::vmexit(),17,20,25
f16936eb07012a5b8a8269b2addb179ed26bc3d2,5,uservm::lib::vm_input::vm_write_bytes(),0,1,1
f16936eb07012a5b8a8269b2addb179ed26bc3d2,6,uservm::lib::vm_output::send(),57,66,70
f16936eb07012a5b8a8269b2addb179ed26bc3d2,7,uservm::io_thread::system_vm::write(),3,9,15
f16936eb07012a5b8a8269b2addb179ed26bc3d2,8,linuxd::worker_thread::handle_write_request(),30,33,36
f16936eb07012a5b8a8269b2addb179ed26bc3d2,9,nanvix-bench::read_exact(),24,26,27
f16936eb07012a5b8a8269b2addb179ed26bc3d2,10,Total,264,283,293
fb346ffa160961678cf713ca52be33ea263f233a,0,nanvix-bench::write_all(),,,
fb346ffa160961678cf713ca52be33ea263f233a,1,linuxd::worker_thread::handle_read_request(),101,116,122
fb346ffa160961678cf713ca52be33ea263f233a,2,uservm::io_thread::system_vm::read(),18,19,21
fb346ffa160961678cf713ca52be33ea263f233a,3,uservm::memory_thread::data_rx::recv(),8,9,11
fb346ffa160961678cf713ca52be33ea263f233a,4,uservm::lib::vm_input::vmexit(),17,20,23
fb346ffa160961678cf713ca52be33ea263f233a,5,uservm::lib::vm_input::vm_write_bytes(),0,1,1
fb346ffa160961678cf713ca52be33ea263f233a,6,uservm::lib::vm_output::send(),57,66,70
fb346ffa160961678cf713ca52be33ea263f233a,7,uservm::io_thread::system_vm::write(),3,12,14
fb346ffa160961678cf713ca52be33ea263f233a,8,linuxd::worker_thread::handle_write_request(),30,33,35
fb346ffa160961678cf713ca52be33ea263f233a,9,nanvix-bench::read_exact(),23,26,28
fb346ffa160961678cf713ca52be33ea263f233a,10,Total,259,275,282
bf8807cbfa735239f1e6feea57aaf28a5dc05254,0,nanvix-bench::write_all(),,,
bf8807cbfa735239f1e6feea57aaf28a5dc05254,1,linuxd::worker_thread::handle_read_request(),98,116,122
bf8807cbfa735239f1e6feea57aaf28a5dc05254,2,uservm::io_thread::system_vm::read(),19,21,23
bf8807cbfa735239f1e6feea57aaf28a5dc05254,3,uservm::memory_thread::data_rx::recv(),8,9,10
bf8807cbfa735239f1e6feea57aaf28a5dc05254,4,uservm::lib::vm_input::vmexit(),19,20,23
bf8807cbfa735239f1e6feea57aaf28a5dc05254,5,uservm::lib::vm_input::vm_write_bytes(),0,1,1
bf8807cbfa735239f1e6feea57aaf28a5dc05254,6,uservm::lib::vm_output::send(),57,57,68
bf8807cbfa735239f1e6feea57aaf28a5dc05254,7,uservm::io_thread::system_vm::write(),3,4,12
bf8807cbfa735239f1e6feea57aaf28a5dc05254,8,linuxd::worker_thread::handle_write_request(),21,33,35
bf8807cbfa735239f1e6feea57aaf28a5dc05254,9,nanvix-bench::read_exact(),24,27,30
bf8807cbfa735239f1e6feea57aaf28a5dc05254,10,Total,252,275,284
5fb4cb8566b71afd8e197ee69dac31933088e982,0,nanvix-bench::write_all(),,,
5fb4cb8566b71afd8e197ee69dac31933088e982,1,linuxd::worker_thread::handle_read_request(),97,117,124
5fb4cb8566b71afd8e197ee69dac31933088e982,2,uservm::io_thread::system_vm::read(),18,19,21
5fb4cb8566b71afd8e197ee69dac31933088e982,3,uservm::memory_thread::data_rx::recv(),8,9,10
5fb4cb8566b71afd8e197ee69dac31933088e982,4,uservm::lib::vm_input::vmexit(),19,20,25
5fb4cb8566b71afd8e197ee69dac31933088e982,5,uservm::lib::vm_input::vm_write_bytes(),0,1,1
5fb4cb8566b71afd8e197ee69dac31933088e982,6,uservm::lib::vm_output::send(),57,69,71
5fb4cb8566b71afd8e197ee69dac31933088e982,7,uservm::io_thread::system_vm::write(),3,7,13
5fb4cb8566b71afd8e197ee69dac31933088e982,8,linuxd::worker_thread::handle_write_request(),21,33,35
5fb4cb8566b71afd8e197ee69dac31933088e982,9,nanvix-bench::read_exact(),22,25,27
5fb4cb8566b71afd8e197ee69dac31933088e982,10,Total,251,274,282
