commit,size,p50,p95,p99
a98f96c5686f8d814724ff69a557a2d3263f680d,32B,282,321,403
a98f96c5686f8d814724ff69a557a2d3263f680d,1KiB,273,296,299
a98f96c5686f8d814724ff69a557a2d3263f680d,4KiB,276,304,328
a98f96c5686f8d814724ff69a557a2d3263f680d,8KiB,40925,40940,40960
a98f96c5686f8d814724ff69a557a2d3263f680d,16KiB,40924,40944,41856
89a642312840673abd94b4797badd91e20da36f3,32B,288,306,321
89a642312840673abd94b4797badd91e20da36f3,1KiB,276,299,321
89a642312840673abd94b4797badd91e20da36f3,4KiB,279,307,323
89a642312840673abd94b4797badd91e20da36f3,8KiB,40922,40940,40948
89a642312840673abd94b4797badd91e20da36f3,16KiB,40923,40939,41927
bcfcd334ea611e4f84bc8b7e1c762a86da9152a7,32B,287,309,323
bcfcd334ea611e4f84bc8b7e1c762a86da9152a7,1KiB,277,300,323
bcfcd334ea611e4f84bc8b7e1c762a86da9152a7,4KiB,283,300,311
bcfcd334ea611e4f84bc8b7e1c762a86da9152a7,8KiB,40923,40942,41916
bcfcd334ea611e4f84bc8b7e1c762a86da9152a7,16KiB,40923,40939,40944
093f500adfdef056c7280244913e934012ac0bd8,32B,285,325,650
093f500adfdef056c7280244913e934012ac0bd8,1KiB,280,305,312
093f500adfdef056c7280244913e934012ac0bd8,4KiB,281,302,319
093f500adfdef056c7280244913e934012ac0bd8,8KiB,40923,40937,40960
093f500adfdef056c7280244913e934012ac0bd8,16KiB,40920,40941,40970
655c2ffaaeeffb901143db3415dc65bd70affb75,32B,288,308,342
655c2ffaaeeffb901143db3415dc65bd70affb75,1KiB,276,304,313
655c2ffaaeeffb901143db3415dc65bd70affb75,4KiB,277,302,437
655c2ffaaeeffb901143db3415dc65bd70affb75,8KiB,40923,40941,41919
655c2ffaaeeffb901143db3415dc65bd70affb75,16KiB,40922,40942,40958
130f01fc8fd928eff6ee80a28f7a5d44c4010a4c,32B,290,314,324
130f01fc8fd928eff6ee80a28f7a5d44c4010a4c,1KiB,277,303,306
130f01fc8fd928eff6ee80a28f7a5d44c4010a4c,4KiB,275,314,326
130f01fc8fd928eff6ee80a28f7a5d44c4010a4c,8KiB,40922,40938,41921
130f01fc8fd928eff6ee80a28f7a5d44c4010a4c,16KiB,40923,40943,40945
e97521cc6e215806dd9425bbdb68f4ffd433a5ef,32B,288,310,327
e97521cc6e215806dd9425bbdb68f4ffd433a5ef,1KiB,280,307,400
e97521cc6e215806dd9425bbdb68f4ffd433a5ef,4KiB,281,304,327
e97521cc6e215806dd9425bbdb68f4ffd433a5ef,8KiB,40922,40941,40944
e97521cc6e215806dd9425bbdb68f4ffd433a5ef,16KiB,40924,40938,40944
875eacc8edc8e19a9dc13057800118f8b91b2817,32B,288,308,328
875eacc8edc8e19a9dc13057800118f8b91b2817,1KiB,281,306,314
875eacc8edc8e19a9dc13057800118f8b91b2817,4KiB,280,307,326
875eacc8edc8e19a9dc13057800118f8b91b2817,8KiB,40923,40939,41922
875eacc8edc8e19a9dc13057800118f8b91b2817,16KiB,40923,40943,40967
ad1bda4845f098715de3918e06cbd2eebf236443,32B,288,301,309
ad1bda4845f098715de3918e06cbd2eebf236443,1KiB,278,302,380
ad1bda4845f098715de3918e06cbd2eebf236443,4KiB,280,301,306
ad1bda4845f098715de3918e06cbd2eebf236443,8KiB,40922,40941,41927
ad1bda4845f098715de3918e06cbd2eebf236443,16KiB,40923,40942,41864
9be5193b99d4880bacd7f8400b1b678eeef18739,32B,289,313,332
9be5193b99d4880bacd7f8400b1b678eeef18739,1KiB,276,299,323
9be5193b99d4880bacd7f8400b1b678eeef18739,4KiB,279,298,318
9be5193b99d4880bacd7f8400b1b678eeef18739,8KiB,40922,40939,40970
9be5193b99d4880bacd7f8400b1b678eeef18739,16KiB,40923,40940,40944
93705f02bb72aa48a89e4bd2231c65c212badf95,32B,289,308,336
93705f02bb72aa48a89e4bd2231c65c212badf95,1KiB,277,303,314
93705f02bb72aa48a89e4bd2231c65c212badf95,4KiB,279,298,308
93705f02bb72aa48a89e4bd2231c65c212badf95,8KiB,40922,40940,41931
93705f02bb72aa48a89e4bd2231c65c212badf95,16KiB,40922,40937,40960
e4e90e79e98821b58de5bd8cf5d3326b760d2f6c,32B,290,307,324
e4e90e79e98821b58de5bd8cf5d3326b760d2f6c,1KiB,276,299,308
e4e90e79e98821b58de5bd8cf5d3326b760d2f6c,4KiB,280,307,335
e4e90e79e98821b58de5bd8cf5d3326b760d2f6c,8KiB,40922,40937,40939
e4e90e79e98821b58de5bd8cf5d3326b760d2f6c,16KiB,40922,40942,41920
524a515401540ea5e8db227d8a5e3a5ec5b343cf,32B,290,315,345
524a515401540ea5e8db227d8a5e3a5ec5b343cf,1KiB,277,303,314
524a515401540ea5e8db227d8a5e3a5ec5b343cf,4KiB,276,314,339
524a515401540ea5e8db227d8a5e3a5ec5b343cf,8KiB,40924,40940,40950
524a515401540ea5e8db227d8a5e3a5ec5b343cf,16KiB,40923,40939,41920
de379a2b8fb7d4a7c512a562736769aa12ee56c1,32B,291,320,598
de379a2b8fb7d4a7c512a562736769aa12ee56c1,1KiB,279,298,316
de379a2b8fb7d4a7c512a562736769aa12ee56c1,4KiB,282,312,320
de379a2b8fb7d4a7c512a562736769aa12ee56c1,8KiB,40921,40940,40952
de379a2b8fb7d4a7c512a562736769aa12ee56c1,16KiB,40921,40941,41928
74aad0dd10bcc72f3ddb8131d853bcef85f93faf,32B,287,317,338
74aad0dd10bcc72f3ddb8131d853bcef85f93faf,1KiB,279,312,332
74aad0dd10bcc72f3ddb8131d853bcef85f93faf,4KiB,281,310,317
74aad0dd10bcc72f3ddb8131d853bcef85f93faf,8KiB,40922,40944,41915
74aad0dd10bcc72f3ddb8131d853bcef85f93faf,16KiB,40924,40940,40966
6014e48517ba4bb09807f43df46830340cd31418,32B,285,309,327
6014e48517ba4bb09807f43df46830340cd31418,1KiB,277,299,308
6014e48517ba4bb09807f43df46830340cd31418,4KiB,280,313,325
6014e48517ba4bb09807f43df46830340cd31418,8KiB,40922,40942,41922
6014e48517ba4bb09807f43df46830340cd31418,16KiB,40921,40940,41925
9c87b7042d0f85dc90366c990f7cad6fee3810e0,32B,289,304,312
9c87b7042d0f85dc90366c990f7cad6fee3810e0,1KiB,279,303,351
9c87b7042d0f85dc90366c990f7cad6fee3810e0,4KiB,275,304,321
9c87b7042d0f85dc90366c990f7cad6fee3810e0,8KiB,40919,40939,40949
9c87b7042d0f85dc90366c990f7cad6fee3810e0,16KiB,40923,40941,40954
c0d53673608aa40435a7966fb4d13941fc0f807e,32B,287,309,325
c0d53673608aa40435a7966fb4d13941fc0f807e,1KiB,277,298,304
c0d53673608aa40435a7966fb4d13941fc0f807e,4KiB,283,303,309
c0d53673608aa40435a7966fb4d13941fc0f807e,8KiB,40920,40935,40954
c0d53673608aa40435a7966fb4d13941fc0f807e,16KiB,40922,40941,40953
b01efd97e4295135ba622dd47a89e69a2c8e0406,32B,288,311,336
b01efd97e4295135ba622dd47a89e69a2c8e0406,1KiB,274,299,311
b01efd97e4295135ba622dd47a89e69a2c8e0406,4KiB,277,305,330
b01efd97e4295135ba622dd47a89e69a2c8e0406,8KiB,40923,40940,41927
b01efd97e4295135ba622dd47a89e69a2c8e0406,16KiB,40922,40943,40951
c7466bd47b75fd28f349df7d2abb15cb6af28326,32B,286,308,354
c7466bd47b75fd28f349df7d2abb15cb6af28326,1KiB,276,298,303
c7466bd47b75fd28f349df7d2abb15cb6af28326,4KiB,283,306,312
c7466bd47b75fd28f349df7d2abb15cb6af28326,8KiB,40923,40942,40968
c7466bd47b75fd28f349df7d2abb15cb6af28326,16KiB,40923,40944,41920
49d053975bfab9b13eb074ad84e437170dc9cdca,32B,288,305,315
49d053975bfab9b13eb074ad84e437170dc9cdca,1KiB,277,301,311
49d053975bfab9b13eb074ad84e437170dc9cdca,4KiB,279,307,318
49d053975bfab9b13eb074ad84e437170dc9cdca,8KiB,40922,40945,40951
49d053975bfab9b13eb074ad84e437170dc9cdca,16KiB,40922,40940,40944
eb431ef869a12a2577af667899748faab49ef114,32B,282,309,324
eb431ef869a12a2577af667899748faab49ef114,1KiB,276,299,315
eb431ef869a12a2577af667899748faab49ef114,4KiB,278,305,328
eb431ef869a12a2577af667899748faab49ef114,8KiB,40924,40936,40943
eb431ef869a12a2577af667899748faab49ef114,16KiB,40922,40944,41916
5d4a4c9b1e0706dd73b24e043f8bd4c74d227e0a,32B,290,318,334
5d4a4c9b1e0706dd73b24e043f8bd4c74d227e0a,1KiB,277,304,498
5d4a4c9b1e0706dd73b24e043f8bd4c74d227e0a,4KiB,282,304,322
5d4a4c9b1e0706dd73b24e043f8bd4c74d227e0a,8KiB,40921,40940,40951
5d4a4c9b1e0706dd73b24e043f8bd4c74d227e0a,16KiB,40922,40937,40958
538ecf01d55a6b9fabe5ef1bdccfdf5b5482f489,32B,289,313,332
538ecf01d55a6b9fabe5ef1bdccfdf5b5482f489,1KiB,276,309,315
538ecf01d55a6b9fabe5ef1bdccfdf5b5482f489,4KiB,280,301,318
538ecf01d55a6b9fabe5ef1bdccfdf5b5482f489,8KiB,40922,40954,41940
538ecf01d55a6b9fabe5ef1bdccfdf5b5482f489,16KiB,40922,40939,41920
7d267df20212b556aaaf33992780d4f45e06215d,32B,284,309,323
7d267df20212b556aaaf33992780d4f45e06215d,1KiB,282,296,320
7d267df20212b556aaaf33992780d4f45e06215d,4KiB,275,302,314
7d267df20212b556aaaf33992780d4f45e06215d,8KiB,40924,40942,41929
7d267df20212b556aaaf33992780d4f45e06215d,16KiB,40922,40943,40948
a3180768be796f06373fd705a2d410ac2554efcb,32B,292,308,323
a3180768be796f06373fd705a2d410ac2554efcb,1KiB,276,300,311
a3180768be796f06373fd705a2d410ac2554efcb,4KiB,281,301,309
a3180768be796f06373fd705a2d410ac2554efcb,8KiB,40922,40937,40946
a3180768be796f06373fd705a2d410ac2554efcb,16KiB,40921,40944,41905
dff9df34d85dd8b2270f42eb2fe50ee28c6a52f5,32B,286,310,318
dff9df34d85dd8b2270f42eb2fe50ee28c6a52f5,1KiB,280,302,321
dff9df34d85dd8b2270f42eb2fe50ee28c6a52f5,4KiB,276,304,312
dff9df34d85dd8b2270f42eb2fe50ee28c6a52f5,8KiB,40922,40948,41941
dff9df34d85dd8b2270f42eb2fe50ee28c6a52f5,16KiB,40922,40938,40948
b3c05647d4a8699d680f108d2da568dd38887d42,32B,285,306,311
b3c05647d4a8699d680f108d2da568dd38887d42,1KiB,279,301,318
b3c05647d4a8699d680f108d2da568dd38887d42,4KiB,280,309,489
b3c05647d4a8699d680f108d2da568dd38887d42,8KiB,40920,40938,40996
b3c05647d4a8699d680f108d2da568dd38887d42,16KiB,40920,40938,40943
fbba826cf3809b7836d50384b15f72c624fed3ed,32B,287,317,334
fbba826cf3809b7836d50384b15f72c624fed3ed,1KiB,279,300,307
fbba826cf3809b7836d50384b15f72c624fed3ed,4KiB,279,308,326
fbba826cf3809b7836d50384b15f72c624fed3ed,8KiB,40924,40944,41936
fbba826cf3809b7836d50384b15f72c624fed3ed,16KiB,40924,40944,41905
534211e738543529353d7f9ab05294cae13a983a,32B,286,307,314
534211e738543529353d7f9ab05294cae13a983a,1KiB,280,297,308
534211e738543529353d7f9ab05294cae13a983a,4KiB,279,306,313
534211e738543529353d7f9ab05294cae13a983a,8KiB,40922,40940,41918
534211e738543529353d7f9ab05294cae13a983a,16KiB,40923,40944,40955
ae7b070d2174733790c9f0ae6a96167999c78858,32B,286,311,346
ae7b070d2174733790c9f0ae6a96167999c78858,1KiB,278,302,311
ae7b070d2174733790c9f0ae6a96167999c78858,4KiB,282,307,314
ae7b070d2174733790c9f0ae6a96167999c78858,8KiB,40925,40968,41930
ae7b070d2174733790c9f0ae6a96167999c78858,16KiB,40922,40951,41047
c9fdea92e9db4ab2064e3028640244b16b593bd8,32B,286,321,348
c9fdea92e9db4ab2064e3028640244b16b593bd8,1KiB,275,305,311
c9fdea92e9db4ab2064e3028640244b16b593bd8,4KiB,281,306,324
c9fdea92e9db4ab2064e3028640244b16b593bd8,8KiB,40923,40943,41936
c9fdea92e9db4ab2064e3028640244b16b593bd8,16KiB,40923,40938,40944
e3eacbfe376ee8871ba051889412406182b631b7,32B,286,307,322
e3eacbfe376ee8871ba051889412406182b631b7,1KiB,272,305,315
e3eacbfe376ee8871ba051889412406182b631b7,4KiB,278,300,318
e3eacbfe376ee8871ba051889412406182b631b7,8KiB,40924,40940,40944
e3eacbfe376ee8871ba051889412406182b631b7,16KiB,40925,40941,41908
956b011c8b2724875ea6083fec761e299519c7d8,32B,284,317,322
956b011c8b2724875ea6083fec761e299519c7d8,1KiB,280,300,332
956b011c8b2724875ea6083fec761e299519c7d8,4KiB,283,306,310
956b011c8b2724875ea6083fec761e299519c7d8,8KiB,40922,40938,41919
956b011c8b2724875ea6083fec761e299519c7d8,16KiB,40922,40938,40952
d4ecb0ff6daae2544a58c86e36e70ce370d69eec,32B,286,310,320
d4ecb0ff6daae2544a58c86e36e70ce370d69eec,1KiB,276,303,309
d4ecb0ff6daae2544a58c86e36e70ce370d69eec,4KiB,285,306,314
d4ecb0ff6daae2544a58c86e36e70ce370d69eec,8KiB,40922,40961,41928
d4ecb0ff6daae2544a58c86e36e70ce370d69eec,16KiB,40921,40941,41105
ae3b6414f34b63b7562a4ba61884cd5c0ca47d77,32B,293,321,347
ae3b6414f34b63b7562a4ba61884cd5c0ca47d77,1KiB,275,302,309
ae3b6414f34b63b7562a4ba61884cd5c0ca47d77,4KiB,279,300,308
ae3b6414f34b63b7562a4ba61884cd5c0ca47d77,8KiB,40923,40939,41929
ae3b6414f34b63b7562a4ba61884cd5c0ca47d77,16KiB,40923,40935,40945
08478fcf43a37388f69c160256170264aa765a3a,32B,287,310,316
08478fcf43a37388f69c160256170264aa765a3a,1KiB,275,297,306
08478fcf43a37388f69c160256170264aa765a3a,4KiB,278,302,334
08478fcf43a37388f69c160256170264aa765a3a,8KiB,40923,40939,41880
08478fcf43a37388f69c160256170264aa765a3a,16KiB,40923,40939,40958
55bea06b6d38ea42b2ffe2205f2075504062c54d,32B,284,307,326
55bea06b6d38ea42b2ffe2205f2075504062c54d,1KiB,275,299,338
55bea06b6d38ea42b2ffe2205f2075504062c54d,4KiB,278,305,322
55bea06b6d38ea42b2ffe2205f2075504062c54d,8KiB,40922,40944,41928
55bea06b6d38ea42b2ffe2205f2075504062c54d,16KiB,40922,40942,40965
88cdcd5e80f21e919e4b7ad3b447683cb1a8543b,32B,287,309,334
88cdcd5e80f21e919e4b7ad3b447683cb1a8543b,1KiB,280,309,1436
88cdcd5e80f21e919e4b7ad3b447683cb1a8543b,4KiB,281,309,325
88cdcd5e80f21e919e4b7ad3b447683cb1a8543b,8KiB,40921,40938,41920
88cdcd5e80f21e919e4b7ad3b447683cb1a8543b,16KiB,40922,40952,41928
b3b63cb03457b435b6001df7838f5e8f6d232989,32B,289,310,324
b3b63cb03457b435b6001df7838f5e8f6d232989,1KiB,277,306,392
b3b63cb03457b435b6001df7838f5e8f6d232989,4KiB,280,307,329
b3b63cb03457b435b6001df7838f5e8f6d232989,8KiB,40922,40938,41923
b3b63cb03457b435b6001df7838f5e8f6d232989,16KiB,40924,40941,41903
399471f551f5564dfcadb4a0c65f272a8a06a301,32B,285,308,324
399471f551f5564dfcadb4a0c65f272a8a06a301,1KiB,273,303,310
399471f551f5564dfcadb4a0c65f272a8a06a301,4KiB,273,304,311
399471f551f5564dfcadb4a0c65f272a8a06a301,8KiB,40924,40944,41931
399471f551f5564dfcadb4a0c65f272a8a06a301,16KiB,40936,41936,41965
6d3fe305cd007439daf2116f2c90c7e46202bf9d,32B,289,313,330
6d3fe305cd007439daf2116f2c90c7e46202bf9d,1KiB,275,301,310
6d3fe305cd007439daf2116f2c90c7e46202bf9d,4KiB,276,303,310
6d3fe305cd007439daf2116f2c90c7e46202bf9d,8KiB,40922,40937,40952
6d3fe305cd007439daf2116f2c90c7e46202bf9d,16KiB,40922,40937,41029
76de8afd43b0b904714f162024ac529bcf65a483,32B,288,319,367
76de8afd43b0b904714f162024ac529bcf65a483,1KiB,279,301,316
76de8afd43b0b904714f162024ac529bcf65a483,4KiB,281,309,325
76de8afd43b0b904714f162024ac529bcf65a483,8KiB,40926,41929,41978
76de8afd43b0b904714f162024ac529bcf65a483,16KiB,40926,41929,41942
c1d39aa217f3d40e677595c0c114d84a987df84d,32B,284,307,331
c1d39aa217f3d40e677595c0c114d84a987df84d,1KiB,271,293,298
c1d39aa217f3d40e677595c0c114d84a987df84d,4KiB,277,316,333
c1d39aa217f3d40e677595c0c114d84a987df84d,8KiB,40923,40941,41944
c1d39aa217f3d40e677595c0c114d84a987df84d,16KiB,40923,40946,41932
515246049936b128bb07f639ed508f92857ec610,32B,289,317,337
515246049936b128bb07f639ed508f92857ec610,1KiB,273,305,320
515246049936b128bb07f639ed508f92857ec610,4KiB,278,296,304
515246049936b128bb07f639ed508f92857ec610,8KiB,40923,40937,40961
515246049936b128bb07f639ed508f92857ec610,16KiB,40923,40943,41918
b9525e21d7088cb5058b17a00f71021f3d8509e9,32B,288,331,358
b9525e21d7088cb5058b17a00f71021f3d8509e9,1KiB,274,296,303
b9525e21d7088cb5058b17a00f71021f3d8509e9,4KiB,279,301,324
b9525e21d7088cb5058b17a00f71021f3d8509e9,8KiB,40921,40934,40940
b9525e21d7088cb5058b17a00f71021f3d8509e9,16KiB,40922,40937,40945
6734b1ba5d0c974ac807e042be5df176fd0ccce4,32B,285,313,339
6734b1ba5d0c974ac807e042be5df176fd0ccce4,1KiB,279,305,326
6734b1ba5d0c974ac807e042be5df176fd0ccce4,4KiB,280,304,321
6734b1ba5d0c974ac807e042be5df176fd0ccce4,8KiB,40922,40942,40952
6734b1ba5d0c974ac807e042be5df176fd0ccce4,16KiB,40921,40944,40948
0f0f7795daf21ff05a838e500663f23514e01c23,32B,288,314,348
0f0f7795daf21ff05a838e500663f23514e01c23,1KiB,279,304,314
0f0f7795daf21ff05a838e500663f23514e01c23,4KiB,282,306,315
0f0f7795daf21ff05a838e500663f23514e01c23,8KiB,40923,40938,41866
0f0f7795daf21ff05a838e500663f23514e01c23,16KiB,40923,40947,41922
19d62a1e05945e00a1244311fde2f9a6fd9cf804,32B,289,320,433
19d62a1e05945e00a1244311fde2f9a6fd9cf804,1KiB,276,304,313
19d62a1e05945e00a1244311fde2f9a6fd9cf804,4KiB,280,310,352
19d62a1e05945e00a1244311fde2f9a6fd9cf804,8KiB,40924,40944,41930
19d62a1e05945e00a1244311fde2f9a6fd9cf804,16KiB,40922,40941,41926
f3eeb4e4d74c3141d4bac39ffa2368d37cb06f29,32B,292,321,702
f3eeb4e4d74c3141d4bac39ffa2368d37cb06f29,1KiB,279,300,414
f3eeb4e4d74c3141d4bac39ffa2368d37cb06f29,4KiB,280,303,306
f3eeb4e4d74c3141d4bac39ffa2368d37cb06f29,8KiB,40922,40941,40947
f3eeb4e4d74c3141d4bac39ffa2368d37cb06f29,16KiB,40922,40944,41936
b146b7fa636a20495b68c607d537563ef4bc36d0,32B,283,307,326
b146b7fa636a20495b68c607d537563ef4bc36d0,1KiB,277,299,322
b146b7fa636a20495b68c607d537563ef4bc36d0,4KiB,278,313,340
b146b7fa636a20495b68c607d537563ef4bc36d0,8KiB,40921,40937,40947
b146b7fa636a20495b68c607d537563ef4bc36d0,16KiB,40923,40946,40954
7ae1c1a4ff7d8074df7b045cd46adb6b76d35502,32B,285,306,317
7ae1c1a4ff7d8074df7b045cd46adb6b76d35502,1KiB,279,302,315
7ae1c1a4ff7d8074df7b045cd46adb6b76d35502,4KiB,283,304,318
7ae1c1a4ff7d8074df7b045cd46adb6b76d35502,8KiB,40923,40937,41101
7ae1c1a4ff7d8074df7b045cd46adb6b76d35502,16KiB,40921,40940,40959
fef27d952cb06f78c2b77ee3a2b63e66ed4738aa,32B,289,310,323
fef27d952cb06f78c2b77ee3a2b63e66ed4738aa,1KiB,275,304,312
fef27d952cb06f78c2b77ee3a2b63e66ed4738aa,4KiB,282,303,331
fef27d952cb06f78c2b77ee3a2b63e66ed4738aa,8KiB,40923,40941,41920
fef27d952cb06f78c2b77ee3a2b63e66ed4738aa,16KiB,40924,40942,41918
0ee22a903f31ec0b7a935b88f8a31eec4e2e488c,32B,289,311,347
0ee22a903f31ec0b7a935b88f8a31eec4e2e488c,1KiB,276,307,316
0ee22a903f31ec0b7a935b88f8a31eec4e2e488c,4KiB,282,310,315
0ee22a903f31ec0b7a935b88f8a31eec4e2e488c,8KiB,40921,40941,40944
0ee22a903f31ec0b7a935b88f8a31eec4e2e488c,16KiB,40922,40941,40949
0d48629ea5f6b79a1cc1bd875ae39c261c1045d9,32B,288,307,354
0d48629ea5f6b79a1cc1bd875ae39c261c1045d9,1KiB,278,303,311
0d48629ea5f6b79a1cc1bd875ae39c261c1045d9,4KiB,279,303,312
0d48629ea5f6b79a1cc1bd875ae39c261c1045d9,8KiB,40921,40940,41916
0d48629ea5f6b79a1cc1bd875ae39c261c1045d9,16KiB,40922,40938,40942
3b1d31af24bcde57b6a9190c1897a68de4974707,32B,286,311,326
3b1d31af24bcde57b6a9190c1897a68de4974707,1KiB,272,298,305
3b1d31af24bcde57b6a9190c1897a68de4974707,4KiB,280,306,329
3b1d31af24bcde57b6a9190c1897a68de4974707,8KiB,40921,40942,40970
3b1d31af24bcde57b6a9190c1897a68de4974707,16KiB,40922,40941,41923
0026ae9a34bd7e0dd2973b98dad1cdccd5835327,32B,283,321,358
0026ae9a34bd7e0dd2973b98dad1cdccd5835327,1KiB,280,306,318
0026ae9a34bd7e0dd2973b98dad1cdccd5835327,4KiB,281,303,307
0026ae9a34bd7e0dd2973b98dad1cdccd5835327,8KiB,40920,40940,40969
0026ae9a34bd7e0dd2973b98dad1cdccd5835327,16KiB,40921,40943,41893
f5f77796e381cd6f4fde94450ba212d5ab7a6fa7,32B,288,315,374
f5f77796e381cd6f4fde94450ba212d5ab7a6fa7,1KiB,277,297,319
f5f77796e381cd6f4fde94450ba212d5ab7a6fa7,4KiB,276,303,311
f5f77796e381cd6f4fde94450ba212d5ab7a6fa7,8KiB,40923,40944,42070
f5f77796e381cd6f4fde94450ba212d5ab7a6fa7,16KiB,40924,40941,40946
712e8c300fdd8fdd1622c51a9a0386fcd1d18911,32B,288,305,383
712e8c300fdd8fdd1622c51a9a0386fcd1d18911,1KiB,280,303,580
712e8c300fdd8fdd1622c51a9a0386fcd1d18911,4KiB,280,300,305
712e8c300fdd8fdd1622c51a9a0386fcd1d18911,8KiB,40922,40938,41030
712e8c300fdd8fdd1622c51a9a0386fcd1d18911,16KiB,40922,40940,41066
6309178b98df7fa187ae4efa56df018a806bae87,32B,288,310,347
6309178b98df7fa187ae4efa56df018a806bae87,1KiB,278,298,308
6309178b98df7fa187ae4efa56df018a806bae87,4KiB,282,307,316
6309178b98df7fa187ae4efa56df018a806bae87,8KiB,40922,40939,41929
6309178b98df7fa187ae4efa56df018a806bae87,16KiB,40920,40942,40945
eb53654927f7a1ddbd3f425e94a9558c722eae3c,32B,282,309,315
eb53654927f7a1ddbd3f425e94a9558c722eae3c,1KiB,282,300,311
eb53654927f7a1ddbd3f425e94a9558c722eae3c,4KiB,276,304,312
eb53654927f7a1ddbd3f425e94a9558c722eae3c,8KiB,40922,40941,41927
eb53654927f7a1ddbd3f425e94a9558c722eae3c,16KiB,40922,40938,40946
8dee928a03083d3b2f60cc27df4bff74444cb1a8,32B,278,312,329
8dee928a03083d3b2f60cc27df4bff74444cb1a8,1KiB,275,295,316
8dee928a03083d3b2f60cc27df4bff74444cb1a8,4KiB,276,297,311
8dee928a03083d3b2f60cc27df4bff74444cb1a8,8KiB,40922,40942,41964
8dee928a03083d3b2f60cc27df4bff74444cb1a8,16KiB,40924,40942,41917
7e79734f52503c636fb336b6c7636df1ccbdd3bc,32B,285,304,315
7e79734f52503c636fb336b6c7636df1ccbdd3bc,1KiB,275,299,308
7e79734f52503c636fb336b6c7636df1ccbdd3bc,4KiB,279,310,331
7e79734f52503c636fb336b6c7636df1ccbdd3bc,8KiB,40923,40936,40941
7e79734f52503c636fb336b6c7636df1ccbdd3bc,16KiB,40922,40940,41924
3399ae6b8d0b3b8987fa326c7cfb89879179a3d5,32B,285,306,315
3399ae6b8d0b3b8987fa326c7cfb89879179a3d5,1KiB,277,306,339
3399ae6b8d0b3b8987fa326c7cfb89879179a3d5,4KiB,281,303,322
3399ae6b8d0b3b8987fa326c7cfb89879179a3d5,8KiB,40921,40963,41931
3399ae6b8d0b3b8987fa326c7cfb89879179a3d5,16KiB,40921,40948,41929
ba8bda4ea60af2feb23bad1e96a909d483d70c9d,32B,290,315,348
ba8bda4ea60af2feb23bad1e96a909d483d70c9d,1KiB,275,296,304
ba8bda4ea60af2feb23bad1e96a909d483d70c9d,4KiB,277,301,329
ba8bda4ea60af2feb23bad1e96a909d483d70c9d,8KiB,40924,40942,41915
ba8bda4ea60af2feb23bad1e96a909d483d70c9d,16KiB,40924,40942,41926
22ea80964ff5997d6417409d3b0825bd346c7e08,32B,288,307,320
22ea80964ff5997d6417409d3b0825bd346c7e08,1KiB,276,298,308
22ea80964ff5997d6417409d3b0825bd346c7e08,4KiB,276,303,324
22ea80964ff5997d6417409d3b0825bd346c7e08,8KiB,40923,40939,40941
22ea80964ff5997d6417409d3b0825bd346c7e08,16KiB,40923,40938,40941
3717dc73b4eb9f8e3caee422630a639e8f8e2251,32B,290,312,367
3717dc73b4eb9f8e3caee422630a639e8f8e2251,1KiB,277,304,316
3717dc73b4eb9f8e3caee422630a639e8f8e2251,4KiB,282,304,308
3717dc73b4eb9f8e3caee422630a639e8f8e2251,8KiB,40920,40941,40958
3717dc73b4eb9f8e3caee422630a639e8f8e2251,16KiB,40921,40944,41936
00079df09072312da114b2926654bb785002f8bb,32B,286,308,315
00079df09072312da114b2926654bb785002f8bb,1KiB,282,297,309
00079df09072312da114b2926654bb785002f8bb,4KiB,281,303,319
00079df09072312da114b2926654bb785002f8bb,8KiB,40922,40939,40947
00079df09072312da114b2926654bb785002f8bb,16KiB,40922,40940,41915
de45c1af820bf6748a65b4ac91d0771037a3ed5b,32B,287,311,329
de45c1af820bf6748a65b4ac91d0771037a3ed5b,1KiB,275,299,312
de45c1af820bf6748a65b4ac91d0771037a3ed5b,4KiB,283,307,314
de45c1af820bf6748a65b4ac91d0771037a3ed5b,8KiB,40922,40939,41916
de45c1af820bf6748a65b4ac91d0771037a3ed5b,16KiB,40923,40944,41935
26e7f00cb1d320424225711486fe98d82719477f,32B,287,309,339
26e7f00cb1d320424225711486fe98d82719477f,1KiB,277,306,327
26e7f00cb1d320424225711486fe98d82719477f,4KiB,280,308,329
26e7f00cb1d320424225711486fe98d82719477f,8KiB,40921,40941,41072
26e7f00cb1d320424225711486fe98d82719477f,16KiB,40923,40938,40949
77ac88faaf3775011f7c04aa6ee2ec47f782a566,32B,291,327,360
77ac88faaf3775011f7c04aa6ee2ec47f782a566,1KiB,278,296,309
77ac88faaf3775011f7c04aa6ee2ec47f782a566,4KiB,278,297,314
77ac88faaf3775011f7c04aa6ee2ec47f782a566,8KiB,40922,40946,41882
77ac88faaf3775011f7c04aa6ee2ec47f782a566,16KiB,40923,40940,40944
23aca072ded43f68689d51a588fa284f680b5730,32B,286,307,327
23aca072ded43f68689d51a588fa284f680b5730,1KiB,274,304,309
23aca072ded43f68689d51a588fa284f680b5730,4KiB,275,297,322
23aca072ded43f68689d51a588fa284f680b5730,8KiB,40922,40942,41898
23aca072ded43f68689d51a588fa284f680b5730,16KiB,40923,40946,41932
6c4f1b987ab5cc36fd7a7e749edca113a8f8a372,32B,286,302,331
6c4f1b987ab5cc36fd7a7e749edca113a8f8a372,1KiB,276,303,335
6c4f1b987ab5cc36fd7a7e749edca113a8f8a372,4KiB,279,301,306
6c4f1b987ab5cc36fd7a7e749edca113a8f8a372,8KiB,40922,40937,40949
6c4f1b987ab5cc36fd7a7e749edca113a8f8a372,16KiB,40921,40942,41855
1dc3b545899cd6214911da851be1857e2f930b76,32B,283,309,355
1dc3b545899cd6214911da851be1857e2f930b76,1KiB,275,294,300
1dc3b545899cd6214911da851be1857e2f930b76,4KiB,277,296,325
1dc3b545899cd6214911da851be1857e2f930b76,8KiB,40923,40939,40961
1dc3b545899cd6214911da851be1857e2f930b76,16KiB,40925,40942,41920
bbcf471ff89b50a1fe6aac36a0a7f66571ee35f2,32B,285,306,311
bbcf471ff89b50a1fe6aac36a0a7f66571ee35f2,1KiB,280,300,311
bbcf471ff89b50a1fe6aac36a0a7f66571ee35f2,4KiB,285,316,367
bbcf471ff89b50a1fe6aac36a0a7f66571ee35f2,8KiB,40922,40941,41045
bbcf471ff89b50a1fe6aac36a0a7f66571ee35f2,16KiB,40922,40940,41031
bd20c1745bf5742cdbb10f3a628427bc1b2338c1,32B,239,278,317
bd20c1745bf5742cdbb10f3a628427bc1b2338c1,1KiB,227,254,273
bd20c1745bf5742cdbb10f3a628427bc1b2338c1,4KiB,230,251,260
bd20c1745bf5742cdbb10f3a628427bc1b2338c1,8KiB,40928,41919,41926
bd20c1745bf5742cdbb10f3a628427bc1b2338c1,16KiB,40927,41918,41935
4ac85a682e053a13ea43cb4ef7471f2e586a947f,32B,232,260,363
4ac85a682e053a13ea43cb4ef7471f2e586a947f,1KiB,228,249,259
4ac85a682e053a13ea43cb4ef7471f2e586a947f,4KiB,230,252,256
4ac85a682e053a13ea43cb4ef7471f2e586a947f,8KiB,40926,40938,41926
4ac85a682e053a13ea43cb4ef7471f2e586a947f,16KiB,40928,41869,41930
5dcd9990b4ea7c7bf3f15f458b45b8605684c0be,32B,288,329,366
5dcd9990b4ea7c7bf3f15f458b45b8605684c0be,1KiB,278,307,353
5dcd9990b4ea7c7bf3f15f458b45b8605684c0be,4KiB,277,302,311
5dcd9990b4ea7c7bf3f15f458b45b8605684c0be,8KiB,40922,40940,41924
5dcd9990b4ea7c7bf3f15f458b45b8605684c0be,16KiB,40923,40939,41911
b660181ece3f9d2faefce4205c89c16fd638ee2d,32B,284,314,324
b660181ece3f9d2faefce4205c89c16fd638ee2d,1KiB,276,305,326
b660181ece3f9d2faefce4205c89c16fd638ee2d,4KiB,283,310,316
b660181ece3f9d2faefce4205c89c16fd638ee2d,8KiB,40922,40936,40945
b660181ece3f9d2faefce4205c89c16fd638ee2d,16KiB,40921,40937,41914
20ee47016e3cf7d650f34653762c72fcede2da98,32B,289,306,319
20ee47016e3cf7d650f34653762c72fcede2da98,1KiB,279,305,349
20ee47016e3cf7d650f34653762c72fcede2da98,4KiB,282,311,327
20ee47016e3cf7d650f34653762c72fcede2da98,8KiB,40922,40944,41919
20ee47016e3cf7d650f34653762c72fcede2da98,16KiB,40920,40942,41914
6ee2e0f8636fe0512e0e3e2de0ae99950d40413b,32B,287,324,347
6ee2e0f8636fe0512e0e3e2de0ae99950d40413b,1KiB,282,301,312
6ee2e0f8636fe0512e0e3e2de0ae99950d40413b,4KiB,281,307,317
6ee2e0f8636fe0512e0e3e2de0ae99950d40413b,8KiB,40922,40938,40946
6ee2e0f8636fe0512e0e3e2de0ae99950d40413b,16KiB,40922,40939,40946
3f5ad7c862ade910114977d2438ac5fbd8f9a445,32B,290,334,800
3f5ad7c862ade910114977d2438ac5fbd8f9a445,1KiB,281,303,313
3f5ad7c862ade910114977d2438ac5fbd8f9a445,4KiB,286,309,479
3f5ad7c862ade910114977d2438ac5fbd8f9a445,8KiB,40921,40938,40946
3f5ad7c862ade910114977d2438ac5fbd8f9a445,16KiB,40922,40936,40942
a0ec18f122784793853d8bebe17d93d341c4b178,32B,290,323,339
a0ec18f122784793853d8bebe17d93d341c4b178,1KiB,278,304,314
a0ec18f122784793853d8bebe17d93d341c4b178,4KiB,277,301,346
a0ec18f122784793853d8bebe17d93d341c4b178,8KiB,40922,40940,40948
a0ec18f122784793853d8bebe17d93d341c4b178,16KiB,40925,40938,40946
ca8f79e853a3a56a09f3c83412e41040f5a4f2ee,32B,289,317,340
ca8f79e853a3a56a09f3c83412e41040f5a4f2ee,1KiB,279,300,337
ca8f79e853a3a56a09f3c83412e41040f5a4f2ee,4KiB,279,304,312
ca8f79e853a3a56a09f3c83412e41040f5a4f2ee,8KiB,40923,40939,40948
ca8f79e853a3a56a09f3c83412e41040f5a4f2ee,16KiB,40924,40939,41922
aab22e0f204fbf749a0fca9fe37168c017b6701f,32B,287,309,323
aab22e0f204fbf749a0fca9fe37168c017b6701f,1KiB,283,301,304
aab22e0f204fbf749a0fca9fe37168c017b6701f,4KiB,282,302,319
aab22e0f204fbf749a0fca9fe37168c017b6701f,8KiB,40920,40946,41930
aab22e0f204fbf749a0fca9fe37168c017b6701f,16KiB,40921,40939,41922
2d38ead92b834c121dee35f1bc67e3cca42dafe4,32B,287,312,332
2d38ead92b834c121dee35f1bc67e3cca42dafe4,1KiB,278,299,319
2d38ead92b834c121dee35f1bc67e3cca42dafe4,4KiB,281,320,372
2d38ead92b834c121dee35f1bc67e3cca42dafe4,8KiB,40929,41926,49648
2d38ead92b834c121dee35f1bc67e3cca42dafe4,16KiB,40924,40941,40958
5663375dba9b55cae6197fd78a1483e56060c51f,32B,289,315,326
5663375dba9b55cae6197fd78a1483e56060c51f,1KiB,310,364,415
5663375dba9b55cae6197fd78a1483e56060c51f,4KiB,313,389,403
5663375dba9b55cae6197fd78a1483e56060c51f,8KiB,40935,41939,41953
5663375dba9b55cae6197fd78a1483e56060c51f,16KiB,40924,41139,41925
9be2a776d7b92f71eb0821257467d72f17d2e48a,32B,283,311,334
9be2a776d7b92f71eb0821257467d72f17d2e48a,1KiB,277,302,317
9be2a776d7b92f71eb0821257467d72f17d2e48a,4KiB,279,310,336
9be2a776d7b92f71eb0821257467d72f17d2e48a,8KiB,40923,40942,40965
9be2a776d7b92f71eb0821257467d72f17d2e48a,16KiB,40923,40938,40948
01151ef0a51c9d3cbce9da83f85f91af95060cec,32B,290,314,344
01151ef0a51c9d3cbce9da83f85f91af95060cec,1KiB,278,301,337
01151ef0a51c9d3cbce9da83f85f91af95060cec,4KiB,276,302,325
01151ef0a51c9d3cbce9da83f85f91af95060cec,8KiB,40922,40937,41859
01151ef0a51c9d3cbce9da83f85f91af95060cec,16KiB,40923,40939,40950
1cc69149695bfd9f00715eaa43d946a9057abe7f,32B,291,308,314
1cc69149695bfd9f00715eaa43d946a9057abe7f,1KiB,279,299,326
1cc69149695bfd9f00715eaa43d946a9057abe7f,4KiB,281,303,320
1cc69149695bfd9f00715eaa43d946a9057abe7f,8KiB,40922,40938,40952
1cc69149695bfd9f00715eaa43d946a9057abe7f,16KiB,40920,40942,40999
23fccf6f9b5ec309b8bcdb03ea7ef502d6f8f9fb,32B,284,307,391
23fccf6f9b5ec309b8bcdb03ea7ef502d6f8f9fb,1KiB,280,302,305
23fccf6f9b5ec309b8bcdb03ea7ef502d6f8f9fb,4KiB,280,313,324
23fccf6f9b5ec309b8bcdb03ea7ef502d6f8f9fb,8KiB,40922,40937,40952
23fccf6f9b5ec309b8bcdb03ea7ef502d6f8f9fb,16KiB,40922,40942,40953
427f07df7a0b6286880ff95b833c27168500598c,32B,289,306,308
427f07df7a0b6286880ff95b833c27168500598c,1KiB,278,300,331
427f07df7a0b6286880ff95b833c27168500598c,4KiB,282,304,314
427f07df7a0b6286880ff95b833c27168500598c,8KiB,40921,40939,40941
427f07df7a0b6286880ff95b833c27168500598c,16KiB,40922,40941,41929
38712533fec9b1c443405d397f3b362ef90d2842,32B,289,321,349
38712533fec9b1c443405d397f3b362ef90d2842,1KiB,280,305,450
38712533fec9b1c443405d397f3b362ef90d2842,4KiB,283,303,341
38712533fec9b1c443405d397f3b362ef90d2842,8KiB,40921,40941,41924
38712533fec9b1c443405d397f3b362ef90d2842,16KiB,40921,40938,40945
248de1258cac6de6430f232cf8f0f750659c03f8,32B,291,357,389
248de1258cac6de6430f232cf8f0f750659c03f8,1KiB,279,301,345
248de1258cac6de6430f232cf8f0f750659c03f8,4KiB,281,302,313
248de1258cac6de6430f232cf8f0f750659c03f8,8KiB,40923,40938,41914
248de1258cac6de6430f232cf8f0f750659c03f8,16KiB,40923,40939,41047
f2a36394be3193655a6825751436cfd7650086aa,32B,288,310,341
f2a36394be3193655a6825751436cfd7650086aa,1KiB,279,306,561
f2a36394be3193655a6825751436cfd7650086aa,4KiB,281,307,438
f2a36394be3193655a6825751436cfd7650086aa,8KiB,40922,40939,41895
f2a36394be3193655a6825751436cfd7650086aa,16KiB,40923,40941,40943
